timestamp,location-long,location-lat,height,individual_id
08/09/2014 05:54,68.307333,70.854717,0,1
08/09/2014 06:10,67.97505,70.8303,0.406,1
08/09/2014 06:26,67.752417,70.761717,0.498,1
08/09/2014 06:42,67.561983,70.686517,0.787,1
08/09/2014 07:14,67.548317,70.68545,0.337,1
08/09/2014 07:30,67.549433,70.68575,0.026,1
08/09/2014 07:46,67.530983,70.690333,0.026,1
08/09/2014 08:03,67.506233,70.692683,0.023,1
08/09/2014 08:34,67.506167,70.692533,0.022,1
08/09/2014 08:50,67.506383,70.692583,0.023,1
08/09/2014 09:37,67.501633,70.695017,0.026,1
08/09/2014 09:54,67.498917,70.69385,0.026,1
08/09/2014 13:53,67.5058,70.692667,0,1
08/09/2014 14:09,67.505883,70.692667,0.034,1
08/09/2014 14:25,67.506,70.692617,0.034,1
08/09/2014 14:41,67.505883,70.69275,0.033,1
08/09/2014 15:13,67.511617,70.69435,0.036,1
08/09/2014 15:29,67.50905,70.69365,0.034,1
08/09/2014 15:45,67.51125,70.693467,0.032,1
08/09/2014 16:01,67.51,70.69345,0.033,1
08/09/2014 16:33,67.510767,70.693633,0.034,1
08/09/2014 16:49,67.5095,70.693583,0.033,1
08/09/2014 17:05,67.50975,70.6936,0.033,1
08/09/2014 17:38,67.5097,70.693633,0.035,1
08/09/2014 17:53,67.50965,70.69365,0.017,1
21/09/2014 12:23,49.996717,66.897217,0.019,1
21/09/2014 12:55,49.99755,66.897567,0.03,1
21/09/2014 13:11,49.998683,66.8986,0,1
21/09/2014 13:43,49.997133,66.8983,0,1
21/09/2014 14:00,49.997383,66.8976,0,1
21/09/2014 14:17,49.997467,66.897517,0,1
21/09/2014 14:31,50.00525,66.895483,0.044,1
21/09/2014 15:03,50.0408,66.890583,0,1
21/09/2014 15:19,50.047867,66.890167,0,1
21/09/2014 15:35,50.0476,66.89015,0,1
21/09/2014 16:07,50.0478,66.890183,0,1
21/09/2014 16:23,49.961467,66.980783,0,1
22/09/2014 05:52,49.847017,66.960383,0,1
22/09/2014 06:08,49.846967,66.96045,0,1
22/09/2014 06:24,49.84695,66.960367,0,1
22/09/2014 06:40,49.84735,66.960383,0,1
22/09/2014 07:13,49.84685,66.9604,0,1
22/09/2014 08:02,49.71275,67.096717,0,1
30/09/2014 06:35,47.120217,66.684717,0.006,1
30/09/2014 06:51,46.696433,66.529533,0,1
30/09/2014 07:07,46.267167,66.378733,0,1
30/09/2014 07:23,45.813017,66.230733,0,1
30/09/2014 08:04,44.65975,65.7706,0,1
30/09/2014 08:46,43.495867,65.28735,0,1
30/09/2014 10:10,41.3145,64.12995,0,1
30/09/2014 10:26,40.957017,63.896433,0,1
30/09/2014 11:04,40.313267,63.317133,0,1
30/09/2014 11:21,40.012267,63.049433,0,1
30/09/2014 11:53,39.520267,62.54775,0,1
30/09/2014 12:09,39.2864,62.327483,0,1
30/09/2014 16:27,35.165983,59.422467,0,1
30/09/2014 16:59,34.7592,58.98025,0,1
30/09/2014 17:15,34.471817,58.817917,0,1
30/09/2014 17:47,34.4483,58.827933,0,1
30/09/2014 18:04,34.448467,58.826017,0,1
30/09/2014 18:20,34.435233,58.81985,0,1
30/09/2014 18:35,34.201167,58.72725,0,1
30/09/2014 19:08,33.569233,58.4055,0,1
30/09/2014 19:24,33.2367,58.241183,0,1
30/09/2014 19:40,33.01435,58.041567,0,1
30/09/2014 19:56,32.698767,57.91315,0,1
30/09/2014 20:12,32.47035,57.709567,0.003,1
30/09/2014 20:28,32.223617,57.567683,0.002,1
01/10/2014 00:29,31.97095,57.454033,0,1
01/10/2014 00:44,31.97125,57.453767,0,1
01/10/2014 01:00,31.971667,57.453667,0.037,1
01/10/2014 02:42,31.894067,57.427383,0.038,1
01/10/2014 02:59,31.6692,57.321483,0.128,1
01/10/2014 03:14,31.446667,57.195767,0.135,1
01/10/2014 05:05,29.6966,56.703217,0.131,1
01/10/2014 06:19,28.411983,56.252417,0.127,1
01/10/2014 06:35,28.150767,56.085417,0.132,1
01/10/2014 07:23,27.264867,55.628233,0.132,1
01/10/2014 07:40,26.967033,55.513917,0.132,1
01/10/2014 07:56,26.7034,55.396383,0.131,1
01/10/2014 11:42,22.913617,53.9293,0.129,1
01/10/2014 12:13,22.3477,53.7951,0.131,1
01/10/2014 12:29,22.068817,53.726433,0.129,1
01/10/2014 13:02,21.5195,53.613633,0,1
01/10/2014 13:18,21.238517,53.58,0.142,1
01/10/2014 13:34,20.9742,53.522383,0.137,1
01/10/2014 13:50,20.6822,53.4866,0.136,1
01/10/2014 14:22,20.148067,53.3814,0,1
01/10/2014 14:38,19.858717,53.353933,0.134,1
01/10/2014 14:54,19.568867,53.324533,0.149,1
01/10/2014 15:26,18.964567,53.259633,0.145,1
01/10/2014 15:42,18.66485,53.268217,0.145,1
01/10/2014 19:42,16.177583,53.797867,0.143,1
01/10/2014 19:57,16.178717,53.798633,0.136,1
01/10/2014 20:13,16.179067,53.798667,0.135,1
01/10/2014 20:30,16.17915,53.79885,0.133,1
01/10/2014 21:02,16.17895,53.79835,0.134,1
01/10/2014 21:18,16.178817,53.79835,0.146,1
01/10/2014 21:34,16.1792,53.798467,0.124,1
01/10/2014 21:50,16.178483,53.798617,0.117,1
01/10/2014 22:22,16.179033,53.798367,0.118,1
01/10/2014 22:38,16.178983,53.797933,0.119,1
01/10/2014 23:10,16.178733,53.798333,0.118,1
01/10/2014 23:26,16.17865,53.798483,0.126,1
01/10/2014 23:42,16.179417,53.7984,0.129,1
01/10/2014 23:58,16.179233,53.798633,0.107,1
02/10/2014 03:42,16.179567,53.795533,0.108,1
02/10/2014 04:14,16.161283,53.889767,0.109,1
02/10/2014 05:02,15.977883,54.208517,0.913,1
02/10/2014 05:18,15.791683,54.210117,0.823,1
02/10/2014 05:35,15.640317,54.180867,0.01,1
02/10/2014 05:51,15.50235,54.15075,0.005,1
02/10/2014 06:22,15.502,54.1506,0.009,1
02/10/2014 06:38,15.500733,54.145917,0,1
02/10/2014 07:26,15.500717,54.146,0,1
02/10/2014 07:43,15.499767,54.14575,0,1
02/10/2014 11:43,15.23695,54.089233,0,1
02/10/2014 11:59,15.236767,54.089383,0.003,1
02/10/2014 12:15,15.23685,54.0893,0.005,1
02/10/2014 12:31,15.2369,54.089283,0.381,1
02/10/2014 13:04,15.23685,54.089267,0.928,1
02/10/2014 13:20,15.23675,54.089433,0.337,1
02/10/2014 13:36,15.236067,54.090017,0.267,1
02/10/2014 13:52,15.236983,54.0893,0.357,1
02/10/2014 14:24,15.237417,54.08935,0.14,1
02/10/2014 14:41,15.2369,54.0892,0.315,1
02/10/2014 14:57,15.237067,54.08925,0.132,1
02/10/2014 15:29,15.2368,54.088833,0.136,1
02/10/2014 15:45,15.23725,54.0902,0.133,1
02/10/2014 19:45,15.111483,54.13065,0.133,1
02/10/2014 20:01,15.111733,54.13135,0.13,1
02/10/2014 20:17,15.11105,54.13265,0.133,1
02/10/2014 20:34,15.109267,54.131633,0.133,1
02/10/2014 21:06,15.107017,54.133217,0.132,1
02/10/2014 21:22,15.106033,54.133567,0.128,1
02/10/2014 21:38,15.103083,54.13405,0.124,1
02/10/2014 21:54,15.101467,54.1334,0.129,1
02/10/2014 22:26,15.096867,54.132917,0.132,1
02/10/2014 22:42,15.093067,54.133083,0.13,1
02/10/2014 23:30,15.093517,54.13845,0.13,1
02/10/2014 23:46,15.09435,54.13935,0.133,1
03/10/2014 03:47,15.093983,54.146717,0.128,1
03/10/2014 04:03,15.095067,54.147683,0.134,1
03/10/2014 04:19,15.098,54.149517,0.128,1
03/10/2014 04:35,15.104433,54.147617,0.119,1
03/10/2014 05:23,15.152317,54.0968,0.121,1
03/10/2014 05:39,15.190917,54.093067,0.132,1
03/10/2014 05:55,15.19755,54.096967,0.133,1
03/10/2014 06:27,15.243367,54.08945,0.135,1
03/10/2014 06:43,15.2436,54.0893,0.135,1
03/10/2014 06:59,15.244167,54.089067,0.133,1
03/10/2014 07:15,15.244133,54.089417,0.133,1
03/10/2014 07:33,15.2442,54.089733,0.133,1
03/10/2014 07:47,15.243783,54.089867,0.13,1
03/10/2014 11:49,15.238017,54.089583,0.136,1
03/10/2014 12:05,15.238167,54.08905,0.158,1
03/10/2014 12:22,15.2381,54.0887,0.158,1
03/10/2014 12:37,15.236933,54.0889,0.16,1
03/10/2014 13:10,15.23735,54.089,0.162,1
03/10/2014 13:26,15.237433,54.089017,0.109,1
03/10/2014 13:42,15.237433,54.088983,0.099,1
03/10/2014 13:58,15.237433,54.088983,0.106,1
03/10/2014 14:30,15.2368,54.088517,0.101,1
03/10/2014 14:47,15.236733,54.088233,0.105,1
03/10/2014 15:35,15.237633,54.08895,0.101,1
03/10/2014 15:51,15.243483,54.091083,0.108,1
03/10/2014 19:52,14.7879,54.018417,0.103,1
03/10/2014 20:08,14.78725,54.018517,0.104,1
03/10/2014 20:24,14.78645,54.018783,0.101,1
03/10/2014 20:40,14.785433,54.01925,0.113,1
03/10/2014 21:28,14.784967,54.019617,0.127,1
03/10/2014 21:44,14.786017,54.01865,0.123,1
03/10/2014 22:00,14.7856,54.018983,0.123,1
03/10/2014 22:32,14.784983,54.020017,0.104,1
03/10/2014 22:48,14.785433,54.020367,0.099,1
03/10/2014 23:04,14.785533,54.0206,0.099,1
03/10/2014 23:20,14.78565,54.021083,0.098,1
03/10/2014 23:36,14.785433,54.021517,0.098,1
03/10/2014 23:52,14.785767,54.021817,0.103,1
04/10/2014 03:53,14.778733,54.025167,0.103,1
04/10/2014 04:09,14.778,54.02555,0.104,1
04/10/2014 04:25,14.777683,54.025383,0.096,1
04/10/2014 04:41,14.778167,54.025033,0.104,1
04/10/2014 05:29,14.780733,53.994583,0.099,1
04/10/2014 05:45,14.7809,53.994617,0.098,1
04/10/2014 06:01,14.780883,53.994533,0.099,1
04/10/2014 06:33,14.78095,53.9943,0.098,1
04/10/2014 06:49,14.780833,53.994033,0.103,1
04/10/2014 07:38,14.7788,53.993117,0.103,1
04/10/2014 07:53,14.718333,53.959217,0.103,1
30/08/2014 12:39,75.3123,71.4541,0.101,2
30/08/2014 14:42,75.34705,71.46345,0.102,2
30/08/2014 18:49,75.3796,71.457583,0.103,2
27/09/2014 10:54,49.5041,67.734967,0.1,2
27/09/2014 11:09,49.5038,67.7351,0.098,2
27/09/2014 11:25,49.503767,67.7351,0.099,2
27/09/2014 11:40,49.503667,67.7351,0.1,2
27/09/2014 11:56,49.50365,67.7351,0.1,2
27/09/2014 12:11,49.503617,67.735,0.092,2
27/09/2014 12:27,49.503183,67.734683,0.098,2
29/09/2014 22:56,46.53095,66.591267,0.101,2
30/09/2014 00:59,46.530883,66.59125,0.109,2
30/09/2014 10:44,35.70905,60.861467,0.109,2
30/09/2014 11:00,35.565167,60.681833,0.107,2
30/09/2014 11:15,35.459617,60.470817,0.104,2
30/09/2014 11:56,35.027167,59.9906,0.106,2
30/09/2014 12:11,35.004917,59.895433,0.105,2
01/10/2014 08:10,26.147583,54.895767,0.112,2
01/10/2014 08:25,25.802867,54.841667,0.114,2
01/10/2014 08:41,25.44265,54.795083,0.111,2
01/10/2014 08:56,25.12025,54.744067,0.158,2
01/10/2014 09:12,24.8081,54.6547,0.158,2
01/10/2014 09:27,24.517683,54.568733,0.164,2
01/10/2014 09:43,24.240317,54.485233,0.162,2
01/10/2014 15:06,18.747383,54.140583,0.144,2
01/10/2014 15:52,17.95875,54.176017,0.129,2
01/10/2014 16:07,17.696083,54.1947,0.129,2
01/10/2014 16:22,17.424767,54.218167,0.123,2
01/10/2014 16:39,17.176467,54.288733,0.121,2
01/10/2014 16:53,16.9478,54.361967,0.12,2
01/10/2014 17:09,16.7276,54.4751,0.117,2
01/10/2014 17:24,16.5494,54.55855,0.128,2
01/10/2014 22:02,16.158383,54.460017,0.128,2
02/10/2014 01:26,16.13915,54.4503,0.123,2
02/10/2014 03:29,16.131,54.44135,0.132,2
02/10/2014 09:42,13.124433,54.242917,0.129,2
02/10/2014 11:45,13.125883,54.242517,0.128,2
02/10/2014 13:49,13.126183,54.242633,0.12,2
02/10/2014 15:55,13.12735,54.2396,0.124,2
02/10/2014 17:58,12.630417,53.81685,0.125,2
19/08/2014 02:41,49.586017,68.8963,0.124,3
19/08/2014 03:06,49.586017,68.897133,0.124,3
30/09/2014 14:38,31.435717,58.5919,0.123,3
30/09/2014 14:54,31.229367,58.4752,0.124,3
02/10/2014 10:16,11.143583,53.174667,0.125,3
02/10/2014 10:32,11.140233,53.174917,0.127,3
02/10/2014 19:21,11.102133,53.16345,0.126,3
02/10/2014 19:38,11.10005,53.164067,0.131,3
03/10/2014 10:10,10.9836,53.21035,0.13,3
03/10/2014 10:26,10.983467,53.210333,0.129,3
03/10/2014 19:17,10.723367,53.32745,0.13,3
03/10/2014 19:32,10.72325,53.327783,0,3
04/10/2014 04:21,10.7225,53.32635,0.14,3
04/10/2014 04:37,10.723333,53.326817,0.122,3
28/08/2014 19:24,46.314867,68.164133,0.122,4
28/08/2014 20:30,46.3146,68.164267,0.125,4
28/08/2014 21:36,46.3146,68.1643,0.119,4
30/09/2014 10:03,33.854983,61.430817,0.119,4
30/09/2014 11:09,32.898767,60.844483,0.102,4
30/09/2014 12:17,32.232017,60.107867,0.104,4
30/09/2014 21:41,25.537683,55.444667,0.106,4
30/09/2014 22:47,24.5155,55.021733,0.108,4
30/09/2014 23:54,23.424117,54.623867,0.129,4
01/10/2014 01:01,22.391917,54.408267,0.12,4
01/10/2014 09:51,14.2275,54.23675,0.122,4
01/10/2014 10:56,13.772783,54.105017,0.126,4
01/10/2014 20:52,8.728333,53.411567,0.129,4
01/10/2014 21:58,8.524367,53.492,0.124,4
01/10/2014 23:05,8.52455,53.492067,0.128,4
28/08/2014 10:09,48.30525,68.8911,0.128,7
28/08/2014 10:25,48.294833,68.890083,0.122,7
28/08/2014 13:36,46.521467,68.0845,0.132,7
28/08/2014 18:38,46.5014,68.090617,0.122,7
28/08/2014 18:54,46.501433,68.09065,0.126,7
28/08/2014 19:10,46.50145,68.09065,0.11,7
29/08/2014 11:23,46.5121,68.0874,0.125,7
29/08/2014 11:56,46.512967,68.086717,0.124,7
29/08/2014 12:12,46.515033,68.086317,0.123,7
29/08/2014 14:03,46.520333,68.084567,0.124,7
29/08/2014 22:20,45.118717,67.560833,0.111,7
30/08/2014 00:28,45.1187,67.560883,0.124,7
30/09/2014 08:17,39.603133,64.792317,0.124,7
30/09/2014 09:32,37.9183,63.8896,0.126,7
30/09/2014 13:47,33.211367,61.089917,0.125,7
01/10/2014 13:52,12.741783,53.488983,0.122,7
01/10/2014 14:09,12.574333,53.43325,0.137,7
02/10/2014 02:03,8.81265,54.006417,0.121,7
27/08/2014 07:56,49.1865,68.9173,0.13,8
27/08/2014 08:27,49.187983,68.917167,0.157,8
27/08/2014 09:13,49.18645,68.91715,0.624,8
27/08/2014 17:13,49.294867,68.886333,0.358,8
27/08/2014 17:44,49.3049,68.88275,0.566,8
27/08/2014 18:30,49.305833,68.882633,0.703,8
28/08/2014 02:29,49.44165,68.784433,0.311,8
28/08/2014 02:59,49.373833,68.79265,0.119,8
28/08/2014 03:46,49.363367,68.79385,0.061,8
28/08/2014 11:43,49.295483,68.111817,0.061,8
28/08/2014 12:15,49.29935,68.090767,0.06,8
28/08/2014 13:00,49.299583,68.065867,0.059,8
29/09/2014 17:58,47.80805,66.9166,0.059,8
29/09/2014 20:02,47.8081,66.917917,0.112,8
29/09/2014 22:04,47.808333,66.9171,0.13,8
30/09/2014 16:10,33.029067,59.9625,0.084,8
30/09/2014 16:55,33.023617,59.965583,0.029,8
30/09/2014 17:26,33.0232,59.965,0.029,8
01/10/2014 09:55,23.251533,56.338267,0.02,8
01/10/2014 10:41,22.762233,56.045583,0.03,8
01/10/2014 10:57,22.539717,55.991083,0.031,8
01/10/2014 11:12,22.268917,55.933667,0.02,8
01/10/2014 19:10,16.630933,54.690667,0.009,8
01/10/2014 19:57,16.630667,54.689567,0.005,8
01/10/2014 20:27,16.63185,54.689117,0.006,8
02/10/2014 04:26,16.625533,54.6942,0.03,8
02/10/2014 05:12,16.2246,54.748917,0.016,8
02/10/2014 05:43,15.861867,54.746533,0.036,8
02/10/2014 13:43,13.217233,54.340317,0.02,8
02/10/2014 14:29,13.211917,54.3408,0.022,8
02/10/2014 14:45,13.1368,54.278667,0.017,8
02/10/2014 22:59,9.10305,52.41405,0.017,8
02/10/2014 23:45,8.49945,52.516433,0.026,8
03/10/2014 00:16,8.112583,52.559133,0.035,8
03/10/2014 08:15,6.14645,52.035683,0.035,8
30/08/2014 09:20,52.0132,68.502617,0.023,9
30/08/2014 21:39,52.018167,68.503883,0.022,9
31/08/2014 09:56,52.720717,68.500633,0.032,9
01/10/2014 23:33,43.976767,65.726267,0.031,9
02/10/2014 22:03,31.370617,60.2144,0.03,9
03/10/2014 15:26,24.131867,57.63675,0.029,9
04/10/2014 08:54,21.857633,56.535633,0.029,9
05/10/2014 16:42,8.252367,53.320267,0.03,9
06/10/2014 06:04,7.3176,52.795667,0.032,9
25/08/2014 18:36,97.5344,73.927933,0.025,11
25/08/2014 18:52,97.26925,73.855117,0.028,11
26/08/2014 01:39,94.70245,73.29875,0.026,11
26/08/2014 08:09,91.754767,72.2141,0.033,11
26/08/2014 08:26,91.754833,72.2141,0.032,11
26/08/2014 14:39,90.093117,71.737533,0.026,11
26/08/2014 15:11,89.23915,71.574917,0.027,11
27/08/2014 00:40,88.708533,71.532267,0.031,11
27/08/2014 01:29,88.710583,71.531883,0.026,11
27/08/2014 07:16,88.5867,71.447133,0.025,11
27/08/2014 08:20,86.992667,70.804033,0.026,11
27/08/2014 13:45,82.401617,68.986683,0.034,11
27/08/2014 15:06,82.431617,68.988783,0.028,11
28/08/2014 02:48,81.245517,68.924683,0.032,11
28/08/2014 04:26,81.248717,68.9245,0.028,11
28/08/2014 09:19,81.2621,68.927483,0.032,11
28/08/2014 11:13,81.2999,68.920667,0.031,11
28/08/2014 16:22,81.257883,68.934067,0.031,11
28/08/2014 18:32,81.258033,68.934,0.027,11
28/08/2014 22:51,81.2473,68.9283,0.023,11
25/09/2014 05:29,62.982183,60.396533,0.022,11
25/09/2014 07:39,61.4912,59.270467,0.025,11
25/09/2014 14:18,53.110567,57.77745,0.026,11
25/09/2014 16:48,49.412683,57.586767,0.03,11
26/09/2014 14:40,36.278533,58.303233,0.025,11
05/10/2014 05:18,28.397217,56.690717,0.035,11
05/10/2014 06:14,27.6213,56.441567,0.032,11
26/08/2014 12:44,86.93975,73.9693,0.025,12
26/08/2014 17:07,86.863167,73.973733,0.03,12
26/08/2014 19:17,86.863283,73.973867,0.031,12
27/08/2014 08:24,86.845233,73.9739,0.021,12
27/08/2014 19:17,86.78855,73.973067,0.027,12
28/08/2014 06:12,86.76905,73.977317,0.026,12
28/08/2014 08:23,86.758733,73.977883,0.026,12
30/08/2014 08:36,83.564433,73.480967,0.021,12
30/08/2014 09:00,83.563183,73.480867,0.023,12
30/08/2014 09:22,83.564483,73.480983,0.023,12
03/09/2014 08:52,73.29865,71.253933,0.025,12
17/09/2014 06:34,67.05495,69.830583,0.026,12
17/09/2014 09:34,65.466433,69.063767,0.026,12
17/09/2014 09:49,65.466733,69.063617,0.038,12
17/09/2014 10:23,65.46665,69.063567,0.026,12
17/09/2014 10:38,65.466617,69.063533,0.028,12
18/09/2014 07:53,65.487483,69.071167,0.03,12
18/09/2014 08:35,65.486617,69.070233,0.033,12
18/09/2014 15:07,65.469533,69.05315,0.027,12
18/09/2014 23:49,65.463417,69.054,0.035,12
20/09/2014 06:45,65.095983,68.91985,0.023,12
20/09/2014 09:54,62.93225,67.86125,0.026,12
20/09/2014 10:12,62.84315,67.82765,0.028,12
22/09/2014 15:29,61.922983,67.51305,0.028,12
23/09/2014 00:14,61.923217,67.513017,0.024,12
30/09/2014 11:56,40.6316,64.173217,0.024,12
30/09/2014 18:46,35.501367,61.046817,0.024,12
01/10/2014 10:49,19.900933,54.143317,0.023,12
01/10/2014 11:22,19.277083,54.10675,0.026,12
01/10/2014 11:37,18.993683,54.118817,0.024,12
01/10/2014 11:54,18.713967,54.150783,0.02,12
01/10/2014 12:10,18.4441,54.142267,0.025,12
18/08/2014 06:00,48.9900234,69.0604928,0.02,14
18/08/2014 06:30,49.1809872,69.0004276,0.023,14
18/08/2014 07:00,49.1821099,69.0003921,0.032,14
18/08/2014 07:30,49.5101257,68.8802525,0.031,14
18/08/2014 08:00,49.6600008,68.8565083,0.031,14
18/08/2014 08:30,49.7361149,68.8459911,0.031,14
18/08/2014 09:00,50.3630784,68.7140641,0.034,14
18/08/2014 09:30,50.9072064,68.5719415,0.032,14
18/08/2014 10:00,51.2287487,68.4878237,0.029,14
13/09/2014 10:30,51.4687524,68.3691963,0.021,14
13/09/2014 11:00,51.0239279,68.1496571,0.013,14
13/09/2014 11:30,50.5697239,67.954521,0.014,14
13/09/2014 12:00,50.1973409,67.7649043,0.017,14
13/09/2014 12:30,49.7717292,67.5974852,0.013,14
13/09/2014 13:00,49.2787656,67.50564,0.014,14
13/09/2014 13:30,49.1468635,67.4968502,0.013,14
13/09/2014 14:00,49.1332771,67.499284,0.011,14
13/09/2014 14:30,49.14427,67.4940265,0.01,14
13/09/2014 15:00,49.1457883,67.4935052,0.005,14
13/09/2014 15:30,49.1462053,67.4936852,0.013,14
13/09/2014 16:00,49.1586447,67.4936533,0.008,14
13/09/2014 16:30,48.8671605,67.4608841,0.018,14
13/09/2014 17:00,48.662421,67.4407943,0.008,14
13/09/2014 17:30,48.6436913,67.4299818,0.01,14
13/09/2014 18:00,48.6427421,67.4292113,0.011,14
13/09/2014 18:30,48.642623,67.4292913,0.006,14
13/09/2014 19:00,48.6425023,67.4291714,0.014,14
13/09/2014 19:30,48.6428295,67.42936,0.013,14
13/09/2014 20:00,48.6439601,67.426614,0,14
13/09/2014 20:30,48.6451564,67.4261922,0.021,14
13/09/2014 21:00,48.6421707,67.4259207,0.02,14
13/09/2014 21:30,48.6421054,67.4242775,0.025,14
13/09/2014 22:00,48.6407019,67.4251846,0.024,14
13/09/2014 22:30,48.6398869,67.4250857,0.028,14
13/09/2014 23:00,48.6426477,67.4257993,0.022,14
13/09/2014 23:30,48.6414623,67.424834,0.027,14
14/09/2014 00:00,48.6409286,67.425284,0.109,14
14/09/2014 00:30,48.6432271,67.4255938,0.168,14
14/09/2014 01:00,48.6435165,67.4258125,0.052,14
14/09/2014 01:30,48.6417196,67.4240736,0.052,14
14/09/2014 02:00,48.6367907,67.4263323,0.054,14
14/09/2014 02:30,48.6373591,67.4264833,0.052,14
14/09/2014 03:00,48.6362346,67.4272755,0.048,14
14/09/2014 03:30,48.6135918,67.4226524,0.052,14
14/09/2014 04:00,48.6123217,67.4222339,0.049,14
14/09/2014 04:30,48.6136234,67.4224732,0.049,14
14/09/2014 05:00,48.6114353,67.421272,0.07,14
14/09/2014 05:30,48.6101532,67.4212759,0.053,14
14/09/2014 06:00,48.6513815,67.4228756,0.115,14
14/09/2014 06:30,48.6514832,67.422678,0.016,14
14/09/2014 07:00,48.6510347,67.4232345,0.007,14
14/09/2014 07:30,48.6508374,67.4232981,0,14
14/09/2014 08:00,48.6511017,67.4233099,0.028,14
14/09/2014 08:30,48.6512295,67.4232367,0.022,14
14/09/2014 09:00,48.6508934,67.4232344,0.012,14
14/09/2014 09:30,48.6495241,67.4232589,0.006,14
14/09/2014 10:00,48.6708856,67.4277667,0.048,14
14/09/2014 10:30,48.6653501,67.4271718,0.022,14
14/09/2014 11:00,48.6275669,67.4387612,0.023,14
14/09/2014 11:30,48.6273399,67.4387958,0.206,14
14/09/2014 12:00,48.6247303,67.4387412,0,14
14/09/2014 12:30,48.6287979,67.4407826,0,14
14/09/2014 13:00,48.6286143,67.4410002,0.002,14
14/09/2014 13:30,48.6286432,67.4418899,0.004,14
14/09/2014 14:00,48.6288005,67.4417269,0,14
14/09/2014 14:30,48.6302431,67.4422283,0.003,14
14/09/2014 15:00,48.6380961,67.4353125,0,14
14/09/2014 15:30,48.6433373,67.4257146,0,14
14/09/2014 16:00,48.6455445,67.4365061,0,14
14/09/2014 16:30,48.6436689,67.4258288,0.105,14
14/09/2014 17:00,48.6446882,67.4249165,0.102,14
14/09/2014 17:30,48.6329415,67.4168895,0.106,14
14/09/2014 18:00,48.6324236,67.4169187,0.11,14
14/09/2014 18:30,48.6324615,67.4168887,0.003,14
14/09/2014 19:00,48.6324149,67.4168928,0,14
14/09/2014 19:30,48.6324573,67.4168788,0.004,14
14/09/2014 20:00,48.632419,67.4168906,0.007,14
14/09/2014 20:30,48.63245,67.4169098,0,14
14/09/2014 21:00,48.6324313,67.4168891,0,14
14/09/2014 21:30,48.6324499,67.4168917,0,14
14/09/2014 22:00,48.6324335,67.4167416,0.003,14
14/09/2014 22:30,48.6323162,67.4167576,0,14
14/09/2014 23:00,48.632317,67.4167719,0.002,14
14/09/2014 23:30,48.6323459,67.4167622,0.002,14
15/09/2014 00:00,48.6323399,67.4167608,0.003,14
15/09/2014 00:30,48.632335,67.4167561,0.003,14
15/09/2014 01:00,48.6323406,67.4167456,0.003,14
15/09/2014 01:30,48.6322895,67.416625,0.003,14
15/09/2014 02:00,48.6070044,67.4150466,0.005,14
15/09/2014 02:30,48.5997905,67.4195766,0.005,14
15/09/2014 03:00,48.4685987,67.3905162,0.005,14
22/09/2014 14:30,47.930444,67.3185127,0.003,14
22/09/2014 15:00,47.4080227,67.1177426,0,14
22/09/2014 15:30,46.8718523,66.9714918,0.011,14
22/09/2014 16:00,46.4262059,66.806566,0,14
22/09/2014 16:30,46.4267729,66.8068599,0.003,14
22/09/2014 17:00,46.4267345,66.806873,0.007,14
22/09/2014 17:30,46.4267838,66.8068799,0.002,14
22/09/2014 18:00,46.4267983,66.806874,0.006,14
22/09/2014 18:30,46.4268202,66.8068752,0,14
22/09/2014 19:00,46.426782,66.806889,0.007,14
22/09/2014 19:30,46.4268231,66.8068795,0.012,14
22/09/2014 20:00,46.4268568,66.8069078,0.011,14
22/09/2014 20:30,46.426981,66.8069105,0.011,14
22/09/2014 21:00,46.4260215,66.8064923,0,14
22/09/2014 21:30,46.4267884,66.8068573,0,14
22/09/2014 22:00,46.4268205,66.8068888,0,14
22/09/2014 22:30,46.4268597,66.8068969,0,14
22/09/2014 23:00,46.4268334,66.8069036,0,14
22/09/2014 23:30,46.4268509,66.8068864,0.002,14
23/09/2014 00:00,46.4268507,66.8069019,0,14
23/09/2014 00:30,46.4268391,66.8068889,0.013,14
23/09/2014 01:00,46.426953,66.8069004,0.002,14
23/09/2014 01:30,46.4280435,66.8074209,0,14
23/09/2014 02:00,46.426158,66.8068838,0.005,14
23/09/2014 02:30,45.943942,66.7981359,0,14
30/09/2014 03:30,44.888465,66.5363478,0.003,14
30/09/2014 04:00,43.9931343,66.3088837,0.003,14
30/09/2014 04:30,43.1582091,66.0033401,0.005,14
30/09/2014 05:00,42.2615228,65.7170554,0.004,14
30/09/2014 05:30,41.4798275,65.5174759,0,14
30/09/2014 06:00,40.7380217,65.4355778,0,14
30/09/2014 06:30,39.8971573,65.1836393,0,14
30/09/2014 07:00,39.2349208,64.8258055,0,14
30/09/2014 07:30,38.4498522,64.536678,0.003,14
30/09/2014 08:00,37.700011,64.2292459,0.004,14
30/09/2014 08:30,37.1336108,63.8238329,0.005,14
30/09/2014 09:00,36.5912633,63.4448836,0.004,14
30/09/2014 09:30,35.99519,63.144688,0,14
30/09/2014 10:00,35.442772,62.7800377,0,14
30/09/2014 10:30,34.9017556,62.4312727,0.002,14
30/09/2014 11:00,34.3455297,62.1084693,0.003,14
30/09/2014 11:30,33.8034637,61.7859649,0,14
30/09/2014 12:00,33.2987695,61.4506146,0,14
30/09/2014 12:30,32.7822757,61.1095386,0.002,14
30/09/2014 13:00,32.3111546,60.7874288,0,14
30/09/2014 13:30,31.8663056,60.4607646,0.002,14
30/09/2014 14:00,31.5015909,60.0740314,0,14
30/09/2014 14:30,31.0887296,59.8539334,0,14
30/09/2014 15:00,30.7423952,59.5853159,0,14
30/09/2014 15:30,30.29901,59.2909881,0,14
30/09/2014 16:00,29.9041579,58.977425,0,14
30/09/2014 16:30,29.4408086,58.7128479,0,14
30/09/2014 17:00,29.0598206,58.4596648,0,14
30/09/2014 17:30,28.7636918,58.1300334,0,14
30/09/2014 18:00,28.3869716,57.7997545,0,14
30/09/2014 18:30,27.9578647,57.4967329,0,14
30/09/2014 19:00,27.5363759,57.1947218,0.003,14
30/09/2014 19:30,27.1930918,56.8957402,0.003,14
30/09/2014 20:00,26.8682942,56.576209,0.004,14
30/09/2014 20:30,26.4633524,56.3347438,0,14
30/09/2014 21:00,26.0618321,56.0940521,0.003,14
30/09/2014 21:30,25.7117366,55.8610701,0.034,14
30/09/2014 22:00,25.2536308,55.6650814,0.036,14
30/09/2014 22:30,24.7724317,55.4346469,0,14
30/09/2014 23:00,24.2668548,55.2009729,0.032,14
30/09/2014 23:30,23.8456609,54.8882848,0.008,14
01/10/2014 00:00,23.3844099,54.6373447,0.006,14
01/10/2014 00:30,22.8695643,54.4403412,0,14
01/10/2014 01:00,22.2887326,54.3140348,0.009,14
01/10/2014 01:30,21.820064,54.2030587,0.004,14
01/10/2014 02:00,21.3286423,54.0738917,0.006,14
01/10/2014 02:30,20.7594959,54.0330898,0.011,14
01/10/2014 03:00,20.2258079,53.9790904,0.116,14
01/10/2014 03:30,19.6207873,54.0093586,0.007,14
01/10/2014 04:00,18.9780539,54.1191607,0.02,14
01/10/2014 04:30,18.4370654,54.2088347,0.018,14
01/10/2014 05:00,17.8485992,54.1994464,0.017,14
01/10/2014 05:30,17.2268469,54.2353276,0,14
01/10/2014 06:00,16.6419292,54.3162911,0,14
01/10/2014 06:30,16.1662801,54.2951856,0.139,14
01/10/2014 07:00,15.7307093,54.2481869,0.138,14
01/10/2014 07:30,15.2408425,54.2723471,0.147,14
01/10/2014 08:00,14.7272435,54.2278387,0.136,14
01/10/2014 08:30,14.2730829,54.2381981,0.141,14
01/10/2014 09:00,13.8750373,54.3130939,0.148,14
01/10/2014 09:30,13.7488498,54.3755217,0.145,14
01/10/2014 10:00,13.7535394,54.3768954,0.144,14
01/10/2014 10:30,13.7358131,54.3690988,0.14,14
01/10/2014 11:00,13.5723749,54.1707281,0.148,14
01/10/2014 11:30,13.4760048,53.9441945,0.149,14
01/10/2014 12:00,13.3490668,53.7186438,0.119,14
01/10/2014 12:30,13.1845598,53.504947,0.11,14
01/10/2014 13:00,12.9300312,53.3220219,0.101,14
01/10/2014 13:30,12.6565594,53.1842372,0.112,14
01/10/2014 14:00,12.3151053,53.0703364,0.116,14
01/10/2014 14:30,11.9491926,52.9731513,0.105,14
01/10/2014 15:00,11.7860604,52.9157313,0.105,14
01/10/2014 15:30,11.7810708,52.9156532,0.107,14
01/10/2014 16:00,11.7810557,52.9157833,0.141,14
01/10/2014 16:30,11.697068,52.9763253,0.141,14
01/10/2014 17:00,11.6499589,52.9697748,0.148,14
27/08/2014 21:30,86.7095471,73.5026374,0.005,15
27/08/2014 22:00,86.7087948,73.5026402,0.008,15
27/08/2014 22:30,86.0849015,73.4623677,0.01,15
27/08/2014 23:00,85.7966167,73.4527974,0.015,15
27/08/2014 23:30,85.7972512,73.4526411,0.015,15
28/08/2014 00:00,85.7892375,73.4498482,0.014,15
28/08/2014 00:30,85.7898771,73.4494766,0.014,15
28/08/2014 01:00,85.728207,73.4452062,0.006,15
28/08/2014 01:30,85.7275621,73.4453189,0.01,15
28/08/2014 02:00,85.7274152,73.4454623,0.011,15
28/08/2014 02:30,85.7279158,73.4456648,0.007,15
28/08/2014 03:00,85.7275201,73.4458917,0.009,15
28/08/2014 03:30,85.7272218,73.4456166,0.017,15
28/08/2014 04:00,85.7292098,73.4452925,0,15
28/08/2014 04:30,85.7291412,73.4447947,0.01,15
28/08/2014 05:00,85.7294003,73.4444335,0.012,15
28/08/2014 05:30,85.7345183,73.4437954,0.011,15
28/08/2014 06:00,85.7348703,73.4433537,0.004,15
28/08/2014 06:30,85.73373,73.4436383,0,15
28/08/2014 07:00,85.7392975,73.4437801,0.008,15
28/08/2014 07:30,85.7424319,73.4438154,0.005,15
28/08/2014 08:00,85.7339215,73.4440108,0.01,15
28/08/2014 08:30,85.732501,73.4443958,0.01,15
28/08/2014 09:00,85.7311541,73.4448858,0.007,15
28/08/2014 09:30,85.7267332,73.4457401,0.006,15
28/08/2014 10:00,85.7262518,73.4465469,0.011,15
28/08/2014 10:30,85.7254867,73.4467713,0.02,15
28/08/2014 11:00,85.7277481,73.4462933,0.017,15
28/08/2014 11:30,85.7258634,73.4463586,0,15
28/08/2014 12:00,85.7256168,73.4468148,0,15
28/08/2014 12:30,85.7201646,73.448951,0,15
28/08/2014 13:00,85.7188988,73.4487485,0.01,15
28/08/2014 13:30,85.7195177,73.4464498,0.011,15
28/08/2014 14:00,85.7286099,73.448289,0.017,15
28/08/2014 14:30,85.7291797,73.4487765,0,15
28/08/2014 15:00,85.7291478,73.4484011,0.007,15
28/08/2014 15:30,85.7330471,73.4443897,0.016,15
28/08/2014 16:00,85.730416,73.4469088,0.002,15
28/08/2014 16:30,85.7310324,73.4474442,0.011,15
28/08/2014 17:00,85.7302504,73.4485277,0.225,15
28/08/2014 17:30,85.7285818,73.4482748,0.403,15
28/08/2014 18:00,85.7308979,73.4474937,0.505,15
28/08/2014 18:30,85.7309208,73.4473321,0.014,15
28/08/2014 19:00,85.7317355,73.447337,0.037,15
28/08/2014 19:30,85.7317584,73.4473368,0.036,15
28/08/2014 20:00,85.7317484,73.4473296,0.033,15
28/08/2014 20:30,85.7317504,73.4473373,0.033,15
28/08/2014 21:00,85.7317917,73.4473218,0.02,15
28/08/2014 21:30,85.7317685,73.4473369,0.043,15
28/08/2014 22:00,85.7269075,73.4465325,0.042,15
28/08/2014 22:30,85.7263129,73.4466389,0.02,15
28/08/2014 23:00,85.7247808,73.446626,0.032,15
28/08/2014 23:30,85.6811476,73.4350961,0.029,15
29/08/2014 00:00,85.6816745,73.4351129,0.028,15
29/08/2014 00:30,85.6814835,73.4351388,0.029,15
29/08/2014 01:00,85.6815147,73.4351231,0.028,15
29/08/2014 01:30,85.6812434,73.4353103,0.174,15
29/08/2014 02:00,85.6510287,73.4345802,0.018,15
29/08/2014 02:30,85.3263549,73.3851013,0.017,15
29/08/2014 03:00,85.3260599,73.3849597,0.017,15
29/08/2014 03:30,85.3259003,73.3849181,0.016,15
29/08/2014 04:00,85.3259806,73.3849059,0.012,15
29/08/2014 04:30,85.2213127,73.365781,0.018,15
29/08/2014 05:00,85.2208638,73.3656327,0.019,15
29/08/2014 05:30,85.2197273,73.3657405,0.013,15
29/08/2014 06:00,85.2059322,73.366644,0.012,15
29/08/2014 06:30,85.0996928,73.3480546,0.008,15
29/08/2014 07:00,85.1004283,73.3480088,0.009,15
29/08/2014 07:30,85.1003944,73.3480603,0.004,15
29/08/2014 08:00,85.1007884,73.3479871,0.004,15
29/08/2014 08:30,85.097398,73.3479429,0.038,15
29/08/2014 09:00,85.0824099,73.3467128,0.036,15
29/08/2014 09:30,85.0821529,73.3470096,0.014,15
29/08/2014 10:00,85.0812175,73.3468237,0.026,15
29/08/2014 10:30,85.0798925,73.3466763,0.026,15
29/08/2014 11:00,85.0819602,73.3471712,0.025,15
29/08/2014 11:30,85.0813627,73.3468772,0.017,15
29/08/2014 12:00,85.0792006,73.346284,0.005,15
29/08/2014 12:30,85.0786661,73.3462462,0.023,15
29/08/2014 13:00,84.6176199,73.168724,0.021,15
29/08/2014 13:30,83.9301932,72.9824716,0.027,15
29/08/2014 14:00,83.1381567,72.7953205,0.025,15
29/08/2014 14:30,82.358546,72.6397323,0.023,15
29/08/2014 15:00,81.9809619,72.360769,0.03,15
29/08/2014 15:30,81.5212807,72.1366372,0.029,15
29/08/2014 16:00,81.3544786,71.9124961,0.026,15
29/08/2014 16:30,81.3669017,71.8811264,0.026,15
29/08/2014 17:00,81.4512061,71.7553312,0.025,15
29/08/2014 17:30,81.3958213,71.7340654,0.02,15
29/08/2014 18:00,81.3746707,71.736974,0.024,15
29/08/2014 18:30,81.3747051,71.7369722,0.017,15
29/08/2014 19:00,81.3746756,71.7369763,0.017,15
29/08/2014 19:30,81.3747958,71.7370562,0.017,15
29/08/2014 20:00,81.3748127,71.7370508,0.017,15
29/08/2014 20:30,81.3747963,71.7370695,0.019,15
29/08/2014 21:00,81.374818,71.7370608,0.019,15
29/08/2014 21:30,81.3377574,71.7356513,0.021,15
29/08/2014 22:00,81.3360003,71.735108,0.026,15
29/08/2014 22:30,81.3359371,71.7350943,0.026,15
29/08/2014 23:00,81.3344095,71.735764,0.04,15
29/08/2014 23:30,81.337655,71.736673,0.037,15
30/08/2014 00:00,81.3380202,71.737681,0.043,15
30/08/2014 00:30,81.3375704,71.7372677,0.041,15
30/08/2014 01:00,81.3375936,71.7372073,0.032,15
30/08/2014 01:30,81.3386692,71.7395085,0.015,15
30/08/2014 02:00,81.338051,71.7395149,0.035,15
30/08/2014 02:30,81.3398237,71.739337,0.039,15
30/08/2014 03:00,81.363271,71.7546079,0.046,15
30/08/2014 03:30,81.2985063,71.7395955,0.041,15
30/08/2014 04:00,81.2990648,71.7397154,0.04,15
30/08/2014 04:30,81.2983426,71.7395976,0.035,15
30/08/2014 05:00,81.2981242,71.7395889,0.034,15
30/08/2014 05:30,81.2980827,71.7379588,0.085,15
30/08/2014 06:00,81.2962623,71.7392183,0.058,15
30/08/2014 06:30,81.2983529,71.7378248,0.051,15
30/08/2014 07:00,81.2975575,71.7377286,0.009,15
30/08/2014 07:30,81.2969555,71.737741,0.013,15
30/08/2014 08:00,81.2969796,71.7368655,0.013,15
30/08/2014 08:30,81.2971651,71.7362469,0.012,15
30/08/2014 09:00,81.3055552,71.7364425,0,15
30/08/2014 09:30,81.3054915,71.7363901,0,15
30/08/2014 10:00,81.2918994,71.7365379,0.01,15
30/08/2014 10:30,81.3210022,71.7294267,0,15
30/08/2014 11:00,81.3203836,71.7292872,0.009,15
30/08/2014 11:30,81.3391427,71.7359867,0.009,15
30/08/2014 12:00,81.3432444,71.7362109,0.009,15
30/08/2014 12:30,81.34336,71.7365535,0.009,15
30/08/2014 13:00,81.3428063,71.7369656,0.012,15
30/08/2014 13:30,81.3437443,71.7372087,0.011,15
30/08/2014 14:00,81.3445611,71.73736,0,15
30/08/2014 14:30,81.3435417,71.7373924,0.037,15
30/08/2014 15:00,81.3408259,71.739766,0.01,15
30/08/2014 15:30,81.3443246,71.7403067,0.013,15
30/08/2014 16:00,81.3325542,71.739418,0.011,15
30/08/2014 16:30,81.3344357,71.7397955,0.01,15
30/08/2014 17:00,81.3410474,71.7385933,0.01,15
30/08/2014 17:30,81.3417835,71.7381182,0.011,15
30/08/2014 18:00,81.342331,71.738428,0.01,15
30/08/2014 18:30,81.3421056,71.738392,0.012,15
30/08/2014 19:00,81.3421367,71.7383345,0.008,15
30/08/2014 19:30,81.3417165,71.7381325,0.003,15
30/08/2014 20:00,81.3417229,71.7381124,0.002,15
30/08/2014 20:30,81.341729,71.7381385,0.011,15
30/08/2014 21:00,81.341777,71.7381455,0.01,15
30/08/2014 21:30,81.3417742,71.7381347,0.012,15
30/08/2014 22:00,81.3366755,71.7363584,0.013,15
30/08/2014 22:30,81.3353577,71.7362103,0.009,15
30/08/2014 23:00,81.3363931,71.736331,0.009,15
30/08/2014 23:30,81.335685,71.7364537,0.011,15
31/08/2014 00:00,81.3189347,71.7305013,0,15
31/08/2014 00:30,81.320022,71.7300556,0,15
31/08/2014 01:00,81.3211885,71.7296395,0,15
31/08/2014 01:30,81.3220349,71.7289291,0.003,15
31/08/2014 02:00,81.3226765,71.7290812,0.002,15
31/08/2014 02:30,81.2652109,71.7223645,0.006,15
31/08/2014 03:00,80.3015925,71.6319562,0.005,15
31/08/2014 03:30,79.3267996,71.4919303,0.005,15
31/08/2014 04:00,78.3712838,71.3581007,0.009,15
31/08/2014 04:30,77.5903035,71.178254,0.007,15
31/08/2014 05:00,76.5701309,71.0875235,0.014,15
31/08/2014 05:30,76.3548653,71.0939259,0.008,15
31/08/2014 06:00,76.3558631,71.0936125,0.009,15
31/08/2014 06:30,76.3596739,71.0931471,0.009,15
31/08/2014 07:00,76.3582339,71.0933541,0.021,15
31/08/2014 07:30,76.3572963,71.0937946,0.019,15
31/08/2014 08:00,76.3570087,71.0940695,0.01,15
31/08/2014 08:30,76.3577386,71.0940398,0.009,15
31/08/2014 09:00,76.3575455,71.0940212,0.018,15
31/08/2014 09:30,76.3575401,71.0942965,0.016,15
31/08/2014 10:00,76.3595144,71.094458,0.016,15
31/08/2014 10:30,76.3593423,71.0948788,0.015,15
31/08/2014 11:00,76.3596521,71.094759,0.014,15
31/08/2014 11:30,76.3205823,71.1001427,0.021,15
31/08/2014 12:00,76.2903628,71.0964562,0.019,15
31/08/2014 12:30,75.6919135,70.7827116,0.018,15
31/08/2014 13:00,75.0492339,70.5123269,0.011,15
31/08/2014 13:30,74.3336581,70.2412125,0.011,15
31/08/2014 14:00,73.7084214,69.9599288,0.013,15
31/08/2014 14:30,72.7483745,69.7916519,0.013,15
05/09/2014 13:30,71.68906,69.7088199,0.015,15
05/09/2014 14:00,71.191049,69.7413356,0,15
05/09/2014 14:30,70.4158569,69.7129058,0.002,15
05/09/2014 15:00,69.6656656,69.7285557,0.013,15
05/09/2014 15:30,68.9813676,69.7615116,0.01,15
05/09/2014 16:00,68.9811969,69.7607861,0.006,15
05/09/2014 16:30,68.981202,69.7607565,0.009,15
05/09/2014 17:00,68.9863171,69.7607289,0.004,15
05/09/2014 17:30,68.9863608,69.760797,0.013,15
05/09/2014 18:00,68.986505,69.7608492,0.011,15
05/09/2014 18:30,68.9864681,69.7608502,0.011,15
05/09/2014 19:00,68.9864654,69.7608571,0.011,15
05/09/2014 19:30,68.9864735,69.7608614,0.006,15
05/09/2014 20:00,68.9864651,69.7608644,0.016,15
05/09/2014 20:30,68.9864975,69.7608833,0.012,15
05/09/2014 21:00,68.9864223,69.7608996,0.007,15
05/09/2014 21:30,68.9864713,69.7608967,0.008,15
05/09/2014 22:00,68.9864221,69.7608943,0.008,15
05/09/2014 22:30,68.9865328,69.7608234,0,15
05/09/2014 23:00,68.9865574,69.7608184,0.009,15
05/09/2014 23:30,68.9864447,69.7607339,0.009,15
06/09/2014 00:00,68.9864933,69.7606887,0,15
06/09/2014 00:30,68.9863784,69.7629696,0,15
06/09/2014 01:00,68.9863555,69.7629881,0.004,15
06/09/2014 01:30,68.9813796,69.7642567,0.01,15
06/09/2014 02:00,68.9752466,69.7686493,0.013,15
06/09/2014 02:30,68.9744871,69.7691532,0.012,15
06/09/2014 03:00,68.9733709,69.768495,0.037,15
06/09/2014 03:30,68.9729413,69.76895,0.006,15
06/09/2014 04:00,68.7058569,69.7877168,0.008,15
06/09/2014 04:30,68.7079421,69.7882183,0.005,15
06/09/2014 05:00,68.0497182,69.8255896,0,15
06/09/2014 05:30,67.2789544,69.884319,0.005,15
06/09/2014 06:00,67.0658009,69.9470387,0,15
06/09/2014 06:30,66.8085144,69.8783205,0,15
06/09/2014 07:00,66.5200887,69.5843197,0.003,15
06/09/2014 07:30,66.1631743,69.302472,0.007,15
06/09/2014 08:00,65.5347026,69.0704048,0.007,15
06/09/2014 08:30,64.6379866,68.9457475,0.005,15
06/09/2014 09:00,63.8087842,68.7267131,0,15
06/09/2014 09:30,63.025438,68.4793541,0.011,15
06/09/2014 10:00,62.2023166,68.3066619,0.01,15
06/09/2014 10:30,61.8932534,68.295332,0.012,15
06/09/2014 11:00,61.8927314,68.2951946,0,15
06/09/2014 11:30,61.8927622,68.295032,0,15
06/09/2014 12:00,61.8927669,68.2949829,0.01,15
06/09/2014 12:30,61.8928023,68.2950062,0.018,15
06/09/2014 13:00,61.8927294,68.2949821,0.013,15
06/09/2014 13:30,61.8922404,68.2949152,0.012,15
06/09/2014 14:00,61.8915694,68.2948682,0.013,15
06/09/2014 14:30,61.394938,68.3440704,0.002,15
06/09/2014 15:00,61.2217186,68.4023796,0.012,15
06/09/2014 15:30,61.2188644,68.4038071,0.002,15
23/09/2014 08:30,59.2315169,68.3138004,0,15
23/09/2014 09:00,58.4903937,68.177266,0.008,15
23/09/2014 09:30,57.8079586,68.0085129,0.007,15
23/09/2014 10:00,57.1373332,67.7985229,0.015,15
23/09/2014 10:30,56.448078,67.569443,0.014,15
23/09/2014 11:00,55.710179,67.3583628,0.008,15
23/09/2014 11:30,54.9263634,67.1668102,0.012,15
23/09/2014 12:00,54.0228171,67.093627,0.004,15
23/09/2014 12:30,53.0505317,67.0818804,0.009,15
23/09/2014 13:00,52.9419324,67.0978043,0.093,15
23/09/2014 13:30,52.9422025,67.1003412,0.174,15
23/09/2014 14:00,52.9405284,67.0986342,0.31,15
23/09/2014 14:30,52.9425648,67.0984821,0.092,15
23/09/2014 15:00,52.9485898,67.1001389,0.085,15
23/09/2014 15:30,52.9483074,67.1002403,0.089,15
23/09/2014 16:00,52.9468031,67.099507,0.055,15
23/09/2014 16:30,52.9486305,67.0997035,0.051,15
23/09/2014 17:00,52.9483919,67.0997938,0.056,15
23/09/2014 17:30,52.9487034,67.0998261,0.053,15
23/09/2014 18:00,52.9482957,67.1001375,0.057,15
23/09/2014 18:30,52.9485491,67.1000546,0.055,15
23/09/2014 19:00,52.9486421,67.099684,0.049,15
23/09/2014 19:30,52.9480898,67.0992382,0.048,15
23/09/2014 20:00,52.9426483,67.0982691,0.205,15
23/09/2014 20:30,52.9425799,67.098259,0.431,15
23/09/2014 21:00,52.9425236,67.0982802,0.277,15
23/09/2014 21:30,52.9425306,67.0982619,0.012,15
23/09/2014 22:00,52.9425684,67.0982561,0.02,15
23/09/2014 22:30,52.9424618,67.0982842,0.016,15
23/09/2014 23:00,52.9425286,67.0982613,0.018,15
23/09/2014 23:30,52.9425371,67.0982667,0.137,15
24/09/2014 00:00,52.9425408,67.0982719,0.249,15
24/09/2014 00:30,52.9425537,67.0983048,0.244,15
24/09/2014 01:00,52.9430347,67.1002412,0.113,15
24/09/2014 01:30,52.7834667,67.1299065,0.114,15
24/09/2014 02:00,51.8560042,67.2672297,0.112,15
24/09/2014 02:30,50.6782705,67.3396305,0.109,15
24/09/2014 03:00,49.5427874,67.2828778,0.11,15
24/09/2014 03:30,48.2833871,67.3047788,0.11,15
24/09/2014 04:00,47.4447777,67.1567729,0.112,15
24/09/2014 04:30,46.5823173,66.9984061,0.12,15
30/09/2014 06:30,45.6286996,66.652085,0.115,15
30/09/2014 07:00,44.7792094,66.4358523,0.122,15
30/09/2014 07:30,44.0493499,66.1141362,0.114,15
30/09/2014 08:00,43.3422891,65.7801577,0.114,15
30/09/2014 08:30,42.711221,65.3844377,0.117,15
30/09/2014 09:00,42.156356,65.0728687,0.109,15
30/09/2014 09:30,41.5806681,64.6939728,0.109,15
30/09/2014 10:00,40.9090051,64.3269615,0.111,15
30/09/2014 10:30,40.4327616,63.9191676,0.113,15
30/09/2014 11:00,39.9195874,63.5941596,0.112,15
30/09/2014 11:30,39.3716955,63.2078578,0.102,15
30/09/2014 12:00,38.8059074,62.9008575,0.109,15
04/10/2014 04:00,36.717984,62.074885,0.103,15
04/10/2014 04:30,35.9625679,61.7998716,0.114,15
04/10/2014 05:00,35.3621675,61.5447397,0.112,15
04/10/2014 05:30,34.7314892,61.2508436,0.113,15
04/10/2014 06:00,34.1449188,60.9180861,0.113,15
04/10/2014 06:30,33.461727,60.6461136,0.118,15
04/10/2014 07:00,32.8338359,60.4102231,0.107,15
04/10/2014 07:30,32.3550177,60.1364101,0.121,15
04/10/2014 08:00,31.825598,59.9201441,0.115,15
04/10/2014 08:30,31.4614053,59.6412948,0.111,15
04/10/2014 09:00,31.1179312,59.3015668,0.116,15
04/10/2014 09:30,30.5870662,58.9915811,0.115,15
04/10/2014 10:00,30.1218416,58.7056424,0.117,15
04/10/2014 10:30,29.7737874,58.3737631,0.117,15
04/10/2014 11:00,29.3978231,58.0898593,0.116,15
04/10/2014 11:30,28.8782146,57.9336441,0.115,15
04/10/2014 12:00,28.4149671,57.7147332,0.117,15
04/10/2014 12:30,27.9226658,57.4504343,0.12,15
04/10/2014 13:00,27.4691054,57.1894245,0.115,15
04/10/2014 13:30,27.0271003,56.9427144,0.115,15
04/10/2014 14:00,26.5267016,56.7322614,0.12,15
04/10/2014 14:30,26.0070384,56.5684812,0.117,15
04/10/2014 15:00,25.4929054,56.3749439,0.116,15
04/10/2014 15:30,24.9920377,56.2481752,0.128,15
04/10/2014 16:00,24.4675632,56.1689783,0.112,15
04/10/2014 16:30,23.9182606,56.0387729,0.12,15
13/10/2014 16:30,22.8908086,55.8966002,0.13,15
13/10/2014 17:00,22.5130726,55.8319461,0.127,15
13/10/2014 17:30,22.1433474,55.7686319,0.114,15
13/10/2014 18:00,21.6974019,55.7093248,0.114,15
13/10/2014 18:30,21.2969646,55.6377183,0.117,15
13/10/2014 19:00,20.9415307,55.85822,0.117,15
13/10/2014 19:30,20.9457996,55.857084,0.116,15
13/10/2014 20:00,20.9458862,55.8576365,0.116,15
13/10/2014 20:30,20.9426231,55.859784,0.116,15
13/10/2014 21:00,20.9376344,55.8601265,0.117,15
13/10/2014 21:30,20.7167207,56.0768009,0.113,15
13/10/2014 22:00,20.6668431,56.1131912,0.112,15
13/10/2014 22:30,20.6507332,56.1196901,0.116,15
13/10/2014 23:00,20.4931153,56.2941233,0.173,15
13/10/2014 23:30,20.6607005,56.3792444,0.556,15
14/10/2014 00:00,20.7716634,56.5346819,0.186,15
14/10/2014 00:30,20.9745276,56.7127753,0.187,15
14/10/2014 01:00,21.3697004,56.8302712,0.113,15
14/10/2014 01:30,21.7888719,57.033535,0.1,15
14/10/2014 02:00,22.2067063,57.1752595,0.1,15
14/10/2014 02:30,22.4932818,57.3097012,0.1,15
14/10/2014 03:00,22.586082,57.4418099,0.098,15
14/10/2014 03:30,22.5799966,57.5968343,0.09,15
14/10/2014 04:00,22.3246419,57.5584785,0.099,15
14/10/2014 04:30,22.2781826,57.4986785,0.085,15
14/10/2014 05:00,22.2791391,57.4689311,0.091,15
14/10/2014 05:30,22.3794123,57.4335583,0.095,15
14/10/2014 06:00,22.3791994,57.4336741,0.091,15
14/10/2014 06:30,22.3793965,57.4337266,0.092,15
14/10/2014 07:00,22.4215147,57.4241889,0.097,15
14/10/2014 07:30,22.3773073,57.4339016,0.092,15
14/10/2014 08:00,22.3773069,57.4338859,0.091,15
14/10/2014 08:30,22.3781373,57.4339774,0.091,15
14/10/2014 09:00,22.3451799,57.4306413,0.076,15
14/10/2014 09:30,22.3872422,57.2871843,0.098,15
14/10/2014 10:00,22.5007606,57.1249203,0.088,15
23/10/2014 20:30,21.7977823,56.9348257,0.087,15
23/10/2014 21:00,21.2827007,56.8600028,0.087,15
23/10/2014 21:30,20.834964,56.7690576,0.088,15
23/10/2014 22:00,20.4292442,56.7000781,0.088,15
23/10/2014 22:30,20.0666646,56.6003158,0.088,15
23/10/2014 23:00,19.679464,56.5117252,0,15
23/10/2014 23:30,19.3526883,56.4099451,0.089,15
24/10/2014 00:00,19.0286551,56.3445917,0.087,15
24/10/2014 00:30,18.7295718,56.2833786,0.087,15
24/10/2014 01:00,18.5656228,56.1730594,0,15
24/10/2014 01:30,18.2974368,56.0903505,0.086,15
24/10/2014 02:00,18.1766368,56.149062,0.086,15
24/10/2014 02:30,18.1747807,56.1535193,0.087,15
24/10/2014 03:00,18.1718847,56.1582147,0.086,15
24/10/2014 03:30,18.1516532,56.1668564,0.086,15
24/10/2014 04:00,17.8690325,56.1700446,0.085,15
24/10/2014 04:30,17.6162666,56.1424809,0.084,15
24/10/2014 05:00,17.396446,56.0491776,0.086,15
24/10/2014 05:30,17.1751508,55.9420492,0.089,15
24/10/2014 06:00,16.9570162,55.8499682,0.089,15
24/10/2014 06:30,16.7337675,55.8961516,0.085,15
24/10/2014 07:00,16.3299086,56.0440551,0.084,15
24/10/2014 07:30,15.9263421,56.0918325,0.084,15
24/10/2014 08:00,15.5803015,56.0931017,0.087,15
24/10/2014 08:30,15.2517587,56.0830533,0.091,15
24/10/2014 09:00,14.9208251,56.0603358,0.092,15
02/10/2014 13:11,12.261067,52.739233,0.081,5
02/10/2014 13:45,12.262783,52.739617,0.089,5
02/10/2014 18:47,12.24605,52.741783,0.087,5
02/10/2014 19:19,12.24555,52.741517,0.099,5
03/10/2014 00:19,12.242533,52.741967,0.101,5
03/10/2014 03:00,12.236583,52.74075,0.296,5
23/09/2014 18:08,59.201233,68.991333,0.24,10
30/09/2014 07:36,37.445083,63.0558,0.397,10
30/09/2014 18:35,31.732367,58.11325,0.367,10
01/10/2014 05:19,23.948233,55.09025,0.353,10
01/10/2014 16:01,14.340733,54.135917,0.334,10
02/10/2014 02:45,14.365433,54.158867,0.161,10
10/10/2014 08:30,33.1914749,62.7625807,0.151,13
10/10/2014 13:30,26.3954951,63.4825875,0.144,13
15/10/2014 08:30,23.0760245,63.1418184,0.162,13
15/10/2014 13:30,22.7822646,62.8595355,0.162,13
22/10/2014 13:31,16.9380807,60.5520118,0.19,13
23/10/2014 08:30,15.025875,57.5254811,0.182,13
23/10/2014 13:30,13.2985766,55.874354,0.182,13
24/10/2014 08:30,11.987775,54.7561204,0.182,13
24/10/2014 13:30,11.9883139,54.7560371,0.188,13
28/08/2014 07:09,44.7625,67.268967,0.187,6
30/09/2014 16:12,35.357883,60.903383,0.184,6
01/10/2014 10:37,22.509733,55.21475,0.191,6
03/10/2014 11:28,7.292517,53.392167,0.184,6
04/10/2014 07:11,5.922067,53.107067,0.181,6
04/10/2014 14:12,5.811383,53.014967,0.19,6
04/10/2014 21:05,5.729433,53.009167,0.193,6
