timestamp,location-long,location-lat,individual_id
08/09/2014 05:54,68.307333,70.854717,1
08/09/2014 06:10,67.97505,70.8303,1
08/09/2014 06:26,67.752417,70.761717,1
08/09/2014 06:42,67.561983,70.686517,1
08/09/2014 07:14,67.548317,70.68545,1
08/09/2014 07:30,67.549433,70.68575,1
08/09/2014 07:46,67.530983,70.690333,1
08/09/2014 08:03,67.506233,70.692683,1
08/09/2014 08:34,67.506167,70.692533,1
08/09/2014 08:50,67.506383,70.692583,1
08/09/2014 09:37,67.501633,70.695017,1
08/09/2014 09:54,67.498917,70.69385,1
08/09/2014 13:53,67.5058,70.692667,1
08/09/2014 14:09,67.505883,70.692667,1
08/09/2014 14:25,67.506,70.692617,1
08/09/2014 14:41,67.505883,70.69275,1
08/09/2014 15:13,67.511617,70.69435,1
08/09/2014 15:29,67.50905,70.69365,1
08/09/2014 15:45,67.51125,70.693467,1
08/09/2014 16:01,67.51,70.69345,1
08/09/2014 16:33,67.510767,70.693633,1
08/09/2014 16:49,67.5095,70.693583,1
08/09/2014 17:05,67.50975,70.6936,1
08/09/2014 17:38,67.5097,70.693633,1
08/09/2014 17:53,67.50965,70.69365,1
21/09/2014 12:23,49.996717,66.897217,1
21/09/2014 12:55,49.99755,66.897567,1
21/09/2014 13:11,49.998683,66.8986,1
21/09/2014 13:43,49.997133,66.8983,1
21/09/2014 14:00,49.997383,66.8976,1
21/09/2014 14:17,49.997467,66.897517,1
21/09/2014 14:31,50.00525,66.895483,1
21/09/2014 15:03,50.0408,66.890583,1
21/09/2014 15:19,50.047867,66.890167,1
21/09/2014 15:35,50.0476,66.89015,1
21/09/2014 16:07,50.0478,66.890183,1
21/09/2014 16:23,49.961467,66.980783,1
22/09/2014 05:52,49.847017,66.960383,1
22/09/2014 06:08,49.846967,66.96045,1
22/09/2014 06:24,49.84695,66.960367,1
22/09/2014 06:40,49.84735,66.960383,1
22/09/2014 07:13,49.84685,66.9604,1
22/09/2014 08:02,49.71275,67.096717,1
30/09/2014 06:35,47.120217,66.684717,1
30/09/2014 06:51,46.696433,66.529533,1
30/09/2014 07:07,46.267167,66.378733,1
30/09/2014 07:23,45.813017,66.230733,1
30/09/2014 08:04,44.65975,65.7706,1
30/09/2014 08:46,43.495867,65.28735,1
30/09/2014 10:10,41.3145,64.12995,1
30/09/2014 10:26,40.957017,63.896433,1
30/09/2014 11:04,40.313267,63.317133,1
30/09/2014 11:21,40.012267,63.049433,1
30/09/2014 11:53,39.520267,62.54775,1
30/09/2014 12:09,39.2864,62.327483,1
30/09/2014 16:27,35.165983,59.422467,1
30/09/2014 16:59,34.7592,58.98025,1
30/09/2014 17:15,34.471817,58.817917,1
30/09/2014 17:47,34.4483,58.827933,1
30/09/2014 18:04,34.448467,58.826017,1
30/09/2014 18:20,34.435233,58.81985,1
30/09/2014 18:35,34.201167,58.72725,1
30/09/2014 19:08,33.569233,58.4055,1
30/09/2014 19:24,33.2367,58.241183,1
30/09/2014 19:40,33.01435,58.041567,1
30/09/2014 19:56,32.698767,57.91315,1
30/09/2014 20:12,32.47035,57.709567,1
30/09/2014 20:28,32.223617,57.567683,1
01/10/2014 00:29,31.97095,57.454033,1
01/10/2014 00:44,31.97125,57.453767,1
01/10/2014 01:00,31.971667,57.453667,1
01/10/2014 02:42,31.894067,57.427383,1
01/10/2014 02:59,31.6692,57.321483,1
01/10/2014 03:14,31.446667,57.195767,1
01/10/2014 05:05,29.6966,56.703217,1
01/10/2014 06:19,28.411983,56.252417,1
01/10/2014 06:35,28.150767,56.085417,1
01/10/2014 07:23,27.264867,55.628233,1
01/10/2014 07:40,26.967033,55.513917,1
01/10/2014 07:56,26.7034,55.396383,1
01/10/2014 11:42,22.913617,53.9293,1
01/10/2014 12:13,22.3477,53.7951,1
01/10/2014 12:29,22.068817,53.726433,1
01/10/2014 13:02,21.5195,53.613633,1
01/10/2014 13:18,21.238517,53.58,1
01/10/2014 13:34,20.9742,53.522383,1
01/10/2014 13:50,20.6822,53.4866,1
01/10/2014 14:22,20.148067,53.3814,1
01/10/2014 14:38,19.858717,53.353933,1
01/10/2014 14:54,19.568867,53.324533,1
01/10/2014 15:26,18.964567,53.259633,1
01/10/2014 15:42,18.66485,53.268217,1
01/10/2014 19:42,16.177583,53.797867,1
01/10/2014 19:57,16.178717,53.798633,1
01/10/2014 20:13,16.179067,53.798667,1
01/10/2014 20:30,16.17915,53.79885,1
01/10/2014 21:02,16.17895,53.79835,1
01/10/2014 21:18,16.178817,53.79835,1
01/10/2014 21:34,16.1792,53.798467,1
01/10/2014 21:50,16.178483,53.798617,1
01/10/2014 22:22,16.179033,53.798367,1
01/10/2014 22:38,16.178983,53.797933,1
01/10/2014 23:10,16.178733,53.798333,1
01/10/2014 23:26,16.17865,53.798483,1
01/10/2014 23:42,16.179417,53.7984,1
01/10/2014 23:58,16.179233,53.798633,1
02/10/2014 03:42,16.179567,53.795533,1
02/10/2014 04:14,16.161283,53.889767,1
02/10/2014 05:02,15.977883,54.208517,1
02/10/2014 05:18,15.791683,54.210117,1
02/10/2014 05:35,15.640317,54.180867,1
02/10/2014 05:51,15.50235,54.15075,1
02/10/2014 06:22,15.502,54.1506,1
02/10/2014 06:38,15.500733,54.145917,1
02/10/2014 07:26,15.500717,54.146,1
02/10/2014 07:43,15.499767,54.14575,1
02/10/2014 11:43,15.23695,54.089233,1
02/10/2014 11:59,15.236767,54.089383,1
02/10/2014 12:15,15.23685,54.0893,1
02/10/2014 12:31,15.2369,54.089283,1
02/10/2014 13:04,15.23685,54.089267,1
02/10/2014 13:20,15.23675,54.089433,1
02/10/2014 13:36,15.236067,54.090017,1
02/10/2014 13:52,15.236983,54.0893,1
02/10/2014 14:24,15.237417,54.08935,1
02/10/2014 14:41,15.2369,54.0892,1
02/10/2014 14:57,15.237067,54.08925,1
02/10/2014 15:29,15.2368,54.088833,1
02/10/2014 15:45,15.23725,54.0902,1
02/10/2014 19:45,15.111483,54.13065,1
02/10/2014 20:01,15.111733,54.13135,1
02/10/2014 20:17,15.11105,54.13265,1
02/10/2014 20:34,15.109267,54.131633,1
02/10/2014 21:06,15.107017,54.133217,1
02/10/2014 21:22,15.106033,54.133567,1
02/10/2014 21:38,15.103083,54.13405,1
02/10/2014 21:54,15.101467,54.1334,1
02/10/2014 22:26,15.096867,54.132917,1
02/10/2014 22:42,15.093067,54.133083,1
02/10/2014 23:30,15.093517,54.13845,1
02/10/2014 23:46,15.09435,54.13935,1
03/10/2014 03:47,15.093983,54.146717,1
03/10/2014 04:03,15.095067,54.147683,1
03/10/2014 04:19,15.098,54.149517,1
03/10/2014 04:35,15.104433,54.147617,1
03/10/2014 05:23,15.152317,54.0968,1
03/10/2014 05:39,15.190917,54.093067,1
03/10/2014 05:55,15.19755,54.096967,1
03/10/2014 06:27,15.243367,54.08945,1
03/10/2014 06:43,15.2436,54.0893,1
03/10/2014 06:59,15.244167,54.089067,1
03/10/2014 07:15,15.244133,54.089417,1
03/10/2014 07:33,15.2442,54.089733,1
03/10/2014 07:47,15.243783,54.089867,1
03/10/2014 11:49,15.238017,54.089583,1
03/10/2014 12:05,15.238167,54.08905,1
03/10/2014 12:22,15.2381,54.0887,1
03/10/2014 12:37,15.236933,54.0889,1
03/10/2014 13:10,15.23735,54.089,1
03/10/2014 13:26,15.237433,54.089017,1
03/10/2014 13:42,15.237433,54.088983,1
03/10/2014 13:58,15.237433,54.088983,1
03/10/2014 14:30,15.2368,54.088517,1
03/10/2014 14:47,15.236733,54.088233,1
03/10/2014 15:35,15.237633,54.08895,1
03/10/2014 15:51,15.243483,54.091083,1
03/10/2014 19:52,14.7879,54.018417,1
03/10/2014 20:08,14.78725,54.018517,1
03/10/2014 20:24,14.78645,54.018783,1
03/10/2014 20:40,14.785433,54.01925,1
03/10/2014 21:28,14.784967,54.019617,1
03/10/2014 21:44,14.786017,54.01865,1
03/10/2014 22:00,14.7856,54.018983,1
03/10/2014 22:32,14.784983,54.020017,1
03/10/2014 22:48,14.785433,54.020367,1
03/10/2014 23:04,14.785533,54.0206,1
03/10/2014 23:20,14.78565,54.021083,1
03/10/2014 23:36,14.785433,54.021517,1
03/10/2014 23:52,14.785767,54.021817,1
04/10/2014 03:53,14.778733,54.025167,1
04/10/2014 04:09,14.778,54.02555,1
04/10/2014 04:25,14.777683,54.025383,1
04/10/2014 04:41,14.778167,54.025033,1
04/10/2014 05:29,14.780733,53.994583,1
04/10/2014 05:45,14.7809,53.994617,1
04/10/2014 06:01,14.780883,53.994533,1
04/10/2014 06:33,14.78095,53.9943,1
04/10/2014 06:49,14.780833,53.994033,1
04/10/2014 07:38,14.7788,53.993117,1
04/10/2014 07:53,14.718333,53.959217,1
30/08/2014 12:39,75.3123,71.4541,2
30/08/2014 14:42,75.34705,71.46345,2
30/08/2014 18:49,75.3796,71.457583,2
27/09/2014 10:54,49.5041,67.734967,2
27/09/2014 11:09,49.5038,67.7351,2
27/09/2014 11:25,49.503767,67.7351,2
27/09/2014 11:40,49.503667,67.7351,2
27/09/2014 11:56,49.50365,67.7351,2
27/09/2014 12:11,49.503617,67.735,2
27/09/2014 12:27,49.503183,67.734683,2
29/09/2014 22:56,46.53095,66.591267,2
30/09/2014 00:59,46.530883,66.59125,2
30/09/2014 10:44,35.70905,60.861467,2
30/09/2014 11:00,35.565167,60.681833,2
30/09/2014 11:15,35.459617,60.470817,2
30/09/2014 11:56,35.027167,59.9906,2
30/09/2014 12:11,35.004917,59.895433,2
01/10/2014 08:10,26.147583,54.895767,2
01/10/2014 08:25,25.802867,54.841667,2
01/10/2014 08:41,25.44265,54.795083,2
01/10/2014 08:56,25.12025,54.744067,2
01/10/2014 09:12,24.8081,54.6547,2
01/10/2014 09:27,24.517683,54.568733,2
01/10/2014 09:43,24.240317,54.485233,2
01/10/2014 15:06,18.747383,54.140583,2
01/10/2014 15:52,17.95875,54.176017,2
01/10/2014 16:07,17.696083,54.1947,2
01/10/2014 16:22,17.424767,54.218167,2
01/10/2014 16:39,17.176467,54.288733,2
01/10/2014 16:53,16.9478,54.361967,2
01/10/2014 17:09,16.7276,54.4751,2
01/10/2014 17:24,16.5494,54.55855,2
01/10/2014 22:02,16.158383,54.460017,2
02/10/2014 01:26,16.13915,54.4503,2
02/10/2014 03:29,16.131,54.44135,2
02/10/2014 09:42,13.124433,54.242917,2
02/10/2014 11:45,13.125883,54.242517,2
02/10/2014 13:49,13.126183,54.242633,2
02/10/2014 15:55,13.12735,54.2396,2
02/10/2014 17:58,12.630417,53.81685,2
19/08/2014 02:41,49.586017,68.8963,3
19/08/2014 03:06,49.586017,68.897133,3
30/09/2014 14:38,31.435717,58.5919,3
30/09/2014 14:54,31.229367,58.4752,3
02/10/2014 10:16,11.143583,53.174667,3
02/10/2014 10:32,11.140233,53.174917,3
02/10/2014 19:21,11.102133,53.16345,3
02/10/2014 19:38,11.10005,53.164067,3
03/10/2014 10:10,10.9836,53.21035,3
03/10/2014 10:26,10.983467,53.210333,3
03/10/2014 19:17,10.723367,53.32745,3
03/10/2014 19:32,10.72325,53.327783,3
04/10/2014 04:21,10.7225,53.32635,3
04/10/2014 04:37,10.723333,53.326817,3
28/08/2014 19:24,46.314867,68.164133,4
28/08/2014 20:30,46.3146,68.164267,4
28/08/2014 21:36,46.3146,68.1643,4
30/09/2014 10:03,33.854983,61.430817,4
30/09/2014 11:09,32.898767,60.844483,4
30/09/2014 12:17,32.232017,60.107867,4
30/09/2014 21:41,25.537683,55.444667,4
30/09/2014 22:47,24.5155,55.021733,4
30/09/2014 23:54,23.424117,54.623867,4
01/10/2014 01:01,22.391917,54.408267,4
01/10/2014 09:51,14.2275,54.23675,4
01/10/2014 10:56,13.772783,54.105017,4
01/10/2014 20:52,8.728333,53.411567,4
01/10/2014 21:58,8.524367,53.492,4
01/10/2014 23:05,8.52455,53.492067,4
28/08/2014 10:09,48.30525,68.8911,7
28/08/2014 10:25,48.294833,68.890083,7
28/08/2014 13:36,46.521467,68.0845,7
28/08/2014 18:38,46.5014,68.090617,7
28/08/2014 18:54,46.501433,68.09065,7
28/08/2014 19:10,46.50145,68.09065,7
29/08/2014 11:23,46.5121,68.0874,7
29/08/2014 11:56,46.512967,68.086717,7
29/08/2014 12:12,46.515033,68.086317,7
29/08/2014 14:03,46.520333,68.084567,7
29/08/2014 22:20,45.118717,67.560833,7
30/08/2014 00:28,45.1187,67.560883,7
30/09/2014 08:17,39.603133,64.792317,7
30/09/2014 09:32,37.9183,63.8896,7
30/09/2014 13:47,33.211367,61.089917,7
01/10/2014 13:52,12.741783,53.488983,7
01/10/2014 14:09,12.574333,53.43325,7
02/10/2014 02:03,8.81265,54.006417,7
27/08/2014 07:56,49.1865,68.9173,8
27/08/2014 08:27,49.187983,68.917167,8
27/08/2014 09:13,49.18645,68.91715,8
27/08/2014 17:13,49.294867,68.886333,8
27/08/2014 17:44,49.3049,68.88275,8
27/08/2014 18:30,49.305833,68.882633,8
28/08/2014 02:29,49.44165,68.784433,8
28/08/2014 02:59,49.373833,68.79265,8
28/08/2014 03:46,49.363367,68.79385,8
28/08/2014 11:43,49.295483,68.111817,8
28/08/2014 12:15,49.29935,68.090767,8
28/08/2014 13:00,49.299583,68.065867,8
29/09/2014 17:58,47.80805,66.9166,8
29/09/2014 20:02,47.8081,66.917917,8
29/09/2014 22:04,47.808333,66.9171,8
30/09/2014 16:10,33.029067,59.9625,8
30/09/2014 16:55,33.023617,59.965583,8
30/09/2014 17:26,33.0232,59.965,8
01/10/2014 09:55,23.251533,56.338267,8
01/10/2014 10:41,22.762233,56.045583,8
01/10/2014 10:57,22.539717,55.991083,8
01/10/2014 11:12,22.268917,55.933667,8
01/10/2014 19:10,16.630933,54.690667,8
01/10/2014 19:57,16.630667,54.689567,8
01/10/2014 20:27,16.63185,54.689117,8
02/10/2014 04:26,16.625533,54.6942,8
02/10/2014 05:12,16.2246,54.748917,8
02/10/2014 05:43,15.861867,54.746533,8
02/10/2014 13:43,13.217233,54.340317,8
02/10/2014 14:29,13.211917,54.3408,8
02/10/2014 14:45,13.1368,54.278667,8
02/10/2014 22:59,9.10305,52.41405,8
02/10/2014 23:45,8.49945,52.516433,8
03/10/2014 00:16,8.112583,52.559133,8
03/10/2014 08:15,6.14645,52.035683,8
30/08/2014 09:20,52.0132,68.502617,9
30/08/2014 21:39,52.018167,68.503883,9
31/08/2014 09:56,52.720717,68.500633,9
01/10/2014 23:33,43.976767,65.726267,9
02/10/2014 22:03,31.370617,60.2144,9
03/10/2014 15:26,24.131867,57.63675,9
04/10/2014 08:54,21.857633,56.535633,9
05/10/2014 16:42,8.252367,53.320267,9
06/10/2014 06:04,7.3176,52.795667,9
25/08/2014 18:36,97.5344,73.927933,11
25/08/2014 18:52,97.26925,73.855117,11
26/08/2014 01:39,94.70245,73.29875,11
26/08/2014 08:09,91.754767,72.2141,11
26/08/2014 08:26,91.754833,72.2141,11
26/08/2014 14:39,90.093117,71.737533,11
26/08/2014 15:11,89.23915,71.574917,11
27/08/2014 00:40,88.708533,71.532267,11
27/08/2014 01:29,88.710583,71.531883,11
27/08/2014 07:16,88.5867,71.447133,11
27/08/2014 08:20,86.992667,70.804033,11
27/08/2014 13:45,82.401617,68.986683,11
27/08/2014 15:06,82.431617,68.988783,11
28/08/2014 02:48,81.245517,68.924683,11
28/08/2014 04:26,81.248717,68.9245,11
28/08/2014 09:19,81.2621,68.927483,11
28/08/2014 11:13,81.2999,68.920667,11
28/08/2014 16:22,81.257883,68.934067,11
28/08/2014 18:32,81.258033,68.934,11
28/08/2014 22:51,81.2473,68.9283,11
25/09/2014 05:29,62.982183,60.396533,11
25/09/2014 07:39,61.4912,59.270467,11
25/09/2014 14:18,53.110567,57.77745,11
25/09/2014 16:48,49.412683,57.586767,11
26/09/2014 14:40,36.278533,58.303233,11
05/10/2014 05:18,28.397217,56.690717,11
05/10/2014 06:14,27.6213,56.441567,11
26/08/2014 12:44,86.93975,73.9693,12
26/08/2014 17:07,86.863167,73.973733,12
26/08/2014 19:17,86.863283,73.973867,12
27/08/2014 08:24,86.845233,73.9739,12
27/08/2014 19:17,86.78855,73.973067,12
28/08/2014 06:12,86.76905,73.977317,12
28/08/2014 08:23,86.758733,73.977883,12
30/08/2014 08:36,83.564433,73.480967,12
30/08/2014 09:00,83.563183,73.480867,12
30/08/2014 09:22,83.564483,73.480983,12
03/09/2014 08:52,73.29865,71.253933,12
17/09/2014 06:34,67.05495,69.830583,12
17/09/2014 09:34,65.466433,69.063767,12
17/09/2014 09:49,65.466733,69.063617,12
17/09/2014 10:23,65.46665,69.063567,12
17/09/2014 10:38,65.466617,69.063533,12
18/09/2014 07:53,65.487483,69.071167,12
18/09/2014 08:35,65.486617,69.070233,12
18/09/2014 15:07,65.469533,69.05315,12
18/09/2014 23:49,65.463417,69.054,12
20/09/2014 06:45,65.095983,68.91985,12
20/09/2014 09:54,62.93225,67.86125,12
20/09/2014 10:12,62.84315,67.82765,12
22/09/2014 15:29,61.922983,67.51305,12
23/09/2014 00:14,61.923217,67.513017,12
30/09/2014 11:56,40.6316,64.173217,12
30/09/2014 18:46,35.501367,61.046817,12
01/10/2014 10:49,19.900933,54.143317,12
01/10/2014 11:22,19.277083,54.10675,12
01/10/2014 11:37,18.993683,54.118817,12
01/10/2014 11:54,18.713967,54.150783,12
01/10/2014 12:10,18.4441,54.142267,12
18/08/2014 06:00,48.9900234,69.0604928,14
18/08/2014 06:30,49.1809872,69.0004276,14
18/08/2014 07:00,49.1821099,69.0003921,14
18/08/2014 07:30,49.5101257,68.8802525,14
18/08/2014 08:00,49.6600008,68.8565083,14
18/08/2014 08:30,49.7361149,68.8459911,14
18/08/2014 09:00,50.3630784,68.7140641,14
18/08/2014 09:30,50.9072064,68.5719415,14
18/08/2014 10:00,51.2287487,68.4878237,14
13/09/2014 10:30,51.4687524,68.3691963,14
13/09/2014 11:00,51.0239279,68.1496571,14
13/09/2014 11:30,50.5697239,67.954521,14
13/09/2014 12:00,50.1973409,67.7649043,14
13/09/2014 12:30,49.7717292,67.5974852,14
13/09/2014 13:00,49.2787656,67.50564,14
13/09/2014 13:30,49.1468635,67.4968502,14
13/09/2014 14:00,49.1332771,67.499284,14
13/09/2014 14:30,49.14427,67.4940265,14
13/09/2014 15:00,49.1457883,67.4935052,14
13/09/2014 15:30,49.1462053,67.4936852,14
13/09/2014 16:00,49.1586447,67.4936533,14
13/09/2014 16:30,48.8671605,67.4608841,14
13/09/2014 17:00,48.662421,67.4407943,14
13/09/2014 17:30,48.6436913,67.4299818,14
13/09/2014 18:00,48.6427421,67.4292113,14
13/09/2014 18:30,48.642623,67.4292913,14
13/09/2014 19:00,48.6425023,67.4291714,14
13/09/2014 19:30,48.6428295,67.42936,14
13/09/2014 20:00,48.6439601,67.426614,14
13/09/2014 20:30,48.6451564,67.4261922,14
13/09/2014 21:00,48.6421707,67.4259207,14
13/09/2014 21:30,48.6421054,67.4242775,14
13/09/2014 22:00,48.6407019,67.4251846,14
13/09/2014 22:30,48.6398869,67.4250857,14
13/09/2014 23:00,48.6426477,67.4257993,14
13/09/2014 23:30,48.6414623,67.424834,14
14/09/2014 00:00,48.6409286,67.425284,14
14/09/2014 00:30,48.6432271,67.4255938,14
14/09/2014 01:00,48.6435165,67.4258125,14
14/09/2014 01:30,48.6417196,67.4240736,14
14/09/2014 02:00,48.6367907,67.4263323,14
14/09/2014 02:30,48.6373591,67.4264833,14
14/09/2014 03:00,48.6362346,67.4272755,14
14/09/2014 03:30,48.6135918,67.4226524,14
14/09/2014 04:00,48.6123217,67.4222339,14
14/09/2014 04:30,48.6136234,67.4224732,14
14/09/2014 05:00,48.6114353,67.421272,14
14/09/2014 05:30,48.6101532,67.4212759,14
14/09/2014 06:00,48.6513815,67.4228756,14
14/09/2014 06:30,48.6514832,67.422678,14
14/09/2014 07:00,48.6510347,67.4232345,14
14/09/2014 07:30,48.6508374,67.4232981,14
14/09/2014 08:00,48.6511017,67.4233099,14
14/09/2014 08:30,48.6512295,67.4232367,14
14/09/2014 09:00,48.6508934,67.4232344,14
14/09/2014 09:30,48.6495241,67.4232589,14
14/09/2014 10:00,48.6708856,67.4277667,14
14/09/2014 10:30,48.6653501,67.4271718,14
14/09/2014 11:00,48.6275669,67.4387612,14
14/09/2014 11:30,48.6273399,67.4387958,14
14/09/2014 12:00,48.6247303,67.4387412,14
14/09/2014 12:30,48.6287979,67.4407826,14
14/09/2014 13:00,48.6286143,67.4410002,14
14/09/2014 13:30,48.6286432,67.4418899,14
14/09/2014 14:00,48.6288005,67.4417269,14
14/09/2014 14:30,48.6302431,67.4422283,14
14/09/2014 15:00,48.6380961,67.4353125,14
14/09/2014 15:30,48.6433373,67.4257146,14
14/09/2014 16:00,48.6455445,67.4365061,14
14/09/2014 16:30,48.6436689,67.4258288,14
14/09/2014 17:00,48.6446882,67.4249165,14
14/09/2014 17:30,48.6329415,67.4168895,14
14/09/2014 18:00,48.6324236,67.4169187,14
14/09/2014 18:30,48.6324615,67.4168887,14
14/09/2014 19:00,48.6324149,67.4168928,14
14/09/2014 19:30,48.6324573,67.4168788,14
14/09/2014 20:00,48.632419,67.4168906,14
14/09/2014 20:30,48.63245,67.4169098,14
14/09/2014 21:00,48.6324313,67.4168891,14
14/09/2014 21:30,48.6324499,67.4168917,14
14/09/2014 22:00,48.6324335,67.4167416,14
14/09/2014 22:30,48.6323162,67.4167576,14
14/09/2014 23:00,48.632317,67.4167719,14
14/09/2014 23:30,48.6323459,67.4167622,14
15/09/2014 00:00,48.6323399,67.4167608,14
15/09/2014 00:30,48.632335,67.4167561,14
15/09/2014 01:00,48.6323406,67.4167456,14
15/09/2014 01:30,48.6322895,67.416625,14
15/09/2014 02:00,48.6070044,67.4150466,14
15/09/2014 02:30,48.5997905,67.4195766,14
15/09/2014 03:00,48.4685987,67.3905162,14
22/09/2014 14:30,47.930444,67.3185127,14
22/09/2014 15:00,47.4080227,67.1177426,14
22/09/2014 15:30,46.8718523,66.9714918,14
22/09/2014 16:00,46.4262059,66.806566,14
22/09/2014 16:30,46.4267729,66.8068599,14
22/09/2014 17:00,46.4267345,66.806873,14
22/09/2014 17:30,46.4267838,66.8068799,14
22/09/2014 18:00,46.4267983,66.806874,14
22/09/2014 18:30,46.4268202,66.8068752,14
22/09/2014 19:00,46.426782,66.806889,14
22/09/2014 19:30,46.4268231,66.8068795,14
22/09/2014 20:00,46.4268568,66.8069078,14
22/09/2014 20:30,46.426981,66.8069105,14
22/09/2014 21:00,46.4260215,66.8064923,14
22/09/2014 21:30,46.4267884,66.8068573,14
22/09/2014 22:00,46.4268205,66.8068888,14
22/09/2014 22:30,46.4268597,66.8068969,14
22/09/2014 23:00,46.4268334,66.8069036,14
22/09/2014 23:30,46.4268509,66.8068864,14
23/09/2014 00:00,46.4268507,66.8069019,14
23/09/2014 00:30,46.4268391,66.8068889,14
23/09/2014 01:00,46.426953,66.8069004,14
23/09/2014 01:30,46.4280435,66.8074209,14
23/09/2014 02:00,46.426158,66.8068838,14
23/09/2014 02:30,45.943942,66.7981359,14
30/09/2014 03:30,44.888465,66.5363478,14
30/09/2014 04:00,43.9931343,66.3088837,14
30/09/2014 04:30,43.1582091,66.0033401,14
30/09/2014 05:00,42.2615228,65.7170554,14
30/09/2014 05:30,41.4798275,65.5174759,14
30/09/2014 06:00,40.7380217,65.4355778,14
30/09/2014 06:30,39.8971573,65.1836393,14
30/09/2014 07:00,39.2349208,64.8258055,14
30/09/2014 07:30,38.4498522,64.536678,14
30/09/2014 08:00,37.700011,64.2292459,14
30/09/2014 08:30,37.1336108,63.8238329,14
30/09/2014 09:00,36.5912633,63.4448836,14
30/09/2014 09:30,35.99519,63.144688,14
30/09/2014 10:00,35.442772,62.7800377,14
30/09/2014 10:30,34.9017556,62.4312727,14
30/09/2014 11:00,34.3455297,62.1084693,14
30/09/2014 11:30,33.8034637,61.7859649,14
30/09/2014 12:00,33.2987695,61.4506146,14
30/09/2014 12:30,32.7822757,61.1095386,14
30/09/2014 13:00,32.3111546,60.7874288,14
30/09/2014 13:30,31.8663056,60.4607646,14
30/09/2014 14:00,31.5015909,60.0740314,14
30/09/2014 14:30,31.0887296,59.8539334,14
30/09/2014 15:00,30.7423952,59.5853159,14
30/09/2014 15:30,30.29901,59.2909881,14
30/09/2014 16:00,29.9041579,58.977425,14
30/09/2014 16:30,29.4408086,58.7128479,14
30/09/2014 17:00,29.0598206,58.4596648,14
30/09/2014 17:30,28.7636918,58.1300334,14
30/09/2014 18:00,28.3869716,57.7997545,14
30/09/2014 18:30,27.9578647,57.4967329,14
30/09/2014 19:00,27.5363759,57.1947218,14
30/09/2014 19:30,27.1930918,56.8957402,14
30/09/2014 20:00,26.8682942,56.576209,14
30/09/2014 20:30,26.4633524,56.3347438,14
30/09/2014 21:00,26.0618321,56.0940521,14
30/09/2014 21:30,25.7117366,55.8610701,14
30/09/2014 22:00,25.2536308,55.6650814,14
30/09/2014 22:30,24.7724317,55.4346469,14
30/09/2014 23:00,24.2668548,55.2009729,14
30/09/2014 23:30,23.8456609,54.8882848,14
01/10/2014 00:00,23.3844099,54.6373447,14
01/10/2014 00:30,22.8695643,54.4403412,14
01/10/2014 01:00,22.2887326,54.3140348,14
01/10/2014 01:30,21.820064,54.2030587,14
01/10/2014 02:00,21.3286423,54.0738917,14
01/10/2014 02:30,20.7594959,54.0330898,14
01/10/2014 03:00,20.2258079,53.9790904,14
01/10/2014 03:30,19.6207873,54.0093586,14
01/10/2014 04:00,18.9780539,54.1191607,14
01/10/2014 04:30,18.4370654,54.2088347,14
01/10/2014 05:00,17.8485992,54.1994464,14
01/10/2014 05:30,17.2268469,54.2353276,14
01/10/2014 06:00,16.6419292,54.3162911,14
01/10/2014 06:30,16.1662801,54.2951856,14
01/10/2014 07:00,15.7307093,54.2481869,14
01/10/2014 07:30,15.2408425,54.2723471,14
01/10/2014 08:00,14.7272435,54.2278387,14
01/10/2014 08:30,14.2730829,54.2381981,14
01/10/2014 09:00,13.8750373,54.3130939,14
01/10/2014 09:30,13.7488498,54.3755217,14
01/10/2014 10:00,13.7535394,54.3768954,14
01/10/2014 10:30,13.7358131,54.3690988,14
01/10/2014 11:00,13.5723749,54.1707281,14
01/10/2014 11:30,13.4760048,53.9441945,14
01/10/2014 12:00,13.3490668,53.7186438,14
01/10/2014 12:30,13.1845598,53.504947,14
01/10/2014 13:00,12.9300312,53.3220219,14
01/10/2014 13:30,12.6565594,53.1842372,14
01/10/2014 14:00,12.3151053,53.0703364,14
01/10/2014 14:30,11.9491926,52.9731513,14
01/10/2014 15:00,11.7860604,52.9157313,14
01/10/2014 15:30,11.7810708,52.9156532,14
01/10/2014 16:00,11.7810557,52.9157833,14
01/10/2014 16:30,11.697068,52.9763253,14
01/10/2014 17:00,11.6499589,52.9697748,14
27/08/2014 21:30,86.7095471,73.5026374,15
27/08/2014 22:00,86.7087948,73.5026402,15
27/08/2014 22:30,86.0849015,73.4623677,15
27/08/2014 23:00,85.7966167,73.4527974,15
27/08/2014 23:30,85.7972512,73.4526411,15
28/08/2014 00:00,85.7892375,73.4498482,15
28/08/2014 00:30,85.7898771,73.4494766,15
28/08/2014 01:00,85.728207,73.4452062,15
28/08/2014 01:30,85.7275621,73.4453189,15
28/08/2014 02:00,85.7274152,73.4454623,15
28/08/2014 02:30,85.7279158,73.4456648,15
28/08/2014 03:00,85.7275201,73.4458917,15
28/08/2014 03:30,85.7272218,73.4456166,15
28/08/2014 04:00,85.7292098,73.4452925,15
28/08/2014 04:30,85.7291412,73.4447947,15
28/08/2014 05:00,85.7294003,73.4444335,15
28/08/2014 05:30,85.7345183,73.4437954,15
28/08/2014 06:00,85.7348703,73.4433537,15
28/08/2014 06:30,85.73373,73.4436383,15
28/08/2014 07:00,85.7392975,73.4437801,15
28/08/2014 07:30,85.7424319,73.4438154,15
28/08/2014 08:00,85.7339215,73.4440108,15
28/08/2014 08:30,85.732501,73.4443958,15
28/08/2014 09:00,85.7311541,73.4448858,15
28/08/2014 09:30,85.7267332,73.4457401,15
28/08/2014 10:00,85.7262518,73.4465469,15
28/08/2014 10:30,85.7254867,73.4467713,15
28/08/2014 11:00,85.7277481,73.4462933,15
28/08/2014 11:30,85.7258634,73.4463586,15
28/08/2014 12:00,85.7256168,73.4468148,15
28/08/2014 12:30,85.7201646,73.448951,15
28/08/2014 13:00,85.7188988,73.4487485,15
28/08/2014 13:30,85.7195177,73.4464498,15
28/08/2014 14:00,85.7286099,73.448289,15
28/08/2014 14:30,85.7291797,73.4487765,15
28/08/2014 15:00,85.7291478,73.4484011,15
28/08/2014 15:30,85.7330471,73.4443897,15
28/08/2014 16:00,85.730416,73.4469088,15
28/08/2014 16:30,85.7310324,73.4474442,15
28/08/2014 17:00,85.7302504,73.4485277,15
28/08/2014 17:30,85.7285818,73.4482748,15
28/08/2014 18:00,85.7308979,73.4474937,15
28/08/2014 18:30,85.7309208,73.4473321,15
28/08/2014 19:00,85.7317355,73.447337,15
28/08/2014 19:30,85.7317584,73.4473368,15
28/08/2014 20:00,85.7317484,73.4473296,15
28/08/2014 20:30,85.7317504,73.4473373,15
28/08/2014 21:00,85.7317917,73.4473218,15
28/08/2014 21:30,85.7317685,73.4473369,15
28/08/2014 22:00,85.7269075,73.4465325,15
28/08/2014 22:30,85.7263129,73.4466389,15
28/08/2014 23:00,85.7247808,73.446626,15
28/08/2014 23:30,85.6811476,73.4350961,15
29/08/2014 00:00,85.6816745,73.4351129,15
29/08/2014 00:30,85.6814835,73.4351388,15
29/08/2014 01:00,85.6815147,73.4351231,15
29/08/2014 01:30,85.6812434,73.4353103,15
29/08/2014 02:00,85.6510287,73.4345802,15
29/08/2014 02:30,85.3263549,73.3851013,15
29/08/2014 03:00,85.3260599,73.3849597,15
29/08/2014 03:30,85.3259003,73.3849181,15
29/08/2014 04:00,85.3259806,73.3849059,15
29/08/2014 04:30,85.2213127,73.365781,15
29/08/2014 05:00,85.2208638,73.3656327,15
29/08/2014 05:30,85.2197273,73.3657405,15
29/08/2014 06:00,85.2059322,73.366644,15
29/08/2014 06:30,85.0996928,73.3480546,15
29/08/2014 07:00,85.1004283,73.3480088,15
29/08/2014 07:30,85.1003944,73.3480603,15
29/08/2014 08:00,85.1007884,73.3479871,15
29/08/2014 08:30,85.097398,73.3479429,15
29/08/2014 09:00,85.0824099,73.3467128,15
29/08/2014 09:30,85.0821529,73.3470096,15
29/08/2014 10:00,85.0812175,73.3468237,15
29/08/2014 10:30,85.0798925,73.3466763,15
29/08/2014 11:00,85.0819602,73.3471712,15
29/08/2014 11:30,85.0813627,73.3468772,15
29/08/2014 12:00,85.0792006,73.346284,15
29/08/2014 12:30,85.0786661,73.3462462,15
29/08/2014 13:00,84.6176199,73.168724,15
29/08/2014 13:30,83.9301932,72.9824716,15
29/08/2014 14:00,83.1381567,72.7953205,15
29/08/2014 14:30,82.358546,72.6397323,15
29/08/2014 15:00,81.9809619,72.360769,15
29/08/2014 15:30,81.5212807,72.1366372,15
29/08/2014 16:00,81.3544786,71.9124961,15
29/08/2014 16:30,81.3669017,71.8811264,15
29/08/2014 17:00,81.4512061,71.7553312,15
29/08/2014 17:30,81.3958213,71.7340654,15
29/08/2014 18:00,81.3746707,71.736974,15
29/08/2014 18:30,81.3747051,71.7369722,15
29/08/2014 19:00,81.3746756,71.7369763,15
29/08/2014 19:30,81.3747958,71.7370562,15
29/08/2014 20:00,81.3748127,71.7370508,15
29/08/2014 20:30,81.3747963,71.7370695,15
29/08/2014 21:00,81.374818,71.7370608,15
29/08/2014 21:30,81.3377574,71.7356513,15
29/08/2014 22:00,81.3360003,71.735108,15
29/08/2014 22:30,81.3359371,71.7350943,15
29/08/2014 23:00,81.3344095,71.735764,15
29/08/2014 23:30,81.337655,71.736673,15
30/08/2014 00:00,81.3380202,71.737681,15
30/08/2014 00:30,81.3375704,71.7372677,15
30/08/2014 01:00,81.3375936,71.7372073,15
30/08/2014 01:30,81.3386692,71.7395085,15
30/08/2014 02:00,81.338051,71.7395149,15
30/08/2014 02:30,81.3398237,71.739337,15
30/08/2014 03:00,81.363271,71.7546079,15
30/08/2014 03:30,81.2985063,71.7395955,15
30/08/2014 04:00,81.2990648,71.7397154,15
30/08/2014 04:30,81.2983426,71.7395976,15
30/08/2014 05:00,81.2981242,71.7395889,15
30/08/2014 05:30,81.2980827,71.7379588,15
30/08/2014 06:00,81.2962623,71.7392183,15
30/08/2014 06:30,81.2983529,71.7378248,15
30/08/2014 07:00,81.2975575,71.7377286,15
30/08/2014 07:30,81.2969555,71.737741,15
30/08/2014 08:00,81.2969796,71.7368655,15
30/08/2014 08:30,81.2971651,71.7362469,15
30/08/2014 09:00,81.3055552,71.7364425,15
30/08/2014 09:30,81.3054915,71.7363901,15
30/08/2014 10:00,81.2918994,71.7365379,15
30/08/2014 10:30,81.3210022,71.7294267,15
30/08/2014 11:00,81.3203836,71.7292872,15
30/08/2014 11:30,81.3391427,71.7359867,15
30/08/2014 12:00,81.3432444,71.7362109,15
30/08/2014 12:30,81.34336,71.7365535,15
30/08/2014 13:00,81.3428063,71.7369656,15
30/08/2014 13:30,81.3437443,71.7372087,15
30/08/2014 14:00,81.3445611,71.73736,15
30/08/2014 14:30,81.3435417,71.7373924,15
30/08/2014 15:00,81.3408259,71.739766,15
30/08/2014 15:30,81.3443246,71.7403067,15
30/08/2014 16:00,81.3325542,71.739418,15
30/08/2014 16:30,81.3344357,71.7397955,15
30/08/2014 17:00,81.3410474,71.7385933,15
30/08/2014 17:30,81.3417835,71.7381182,15
30/08/2014 18:00,81.342331,71.738428,15
30/08/2014 18:30,81.3421056,71.738392,15
30/08/2014 19:00,81.3421367,71.7383345,15
30/08/2014 19:30,81.3417165,71.7381325,15
30/08/2014 20:00,81.3417229,71.7381124,15
30/08/2014 20:30,81.341729,71.7381385,15
30/08/2014 21:00,81.341777,71.7381455,15
30/08/2014 21:30,81.3417742,71.7381347,15
30/08/2014 22:00,81.3366755,71.7363584,15
30/08/2014 22:30,81.3353577,71.7362103,15
30/08/2014 23:00,81.3363931,71.736331,15
30/08/2014 23:30,81.335685,71.7364537,15
31/08/2014 00:00,81.3189347,71.7305013,15
31/08/2014 00:30,81.320022,71.7300556,15
31/08/2014 01:00,81.3211885,71.7296395,15
31/08/2014 01:30,81.3220349,71.7289291,15
31/08/2014 02:00,81.3226765,71.7290812,15
31/08/2014 02:30,81.2652109,71.7223645,15
31/08/2014 03:00,80.3015925,71.6319562,15
31/08/2014 03:30,79.3267996,71.4919303,15
31/08/2014 04:00,78.3712838,71.3581007,15
31/08/2014 04:30,77.5903035,71.178254,15
31/08/2014 05:00,76.5701309,71.0875235,15
31/08/2014 05:30,76.3548653,71.0939259,15
31/08/2014 06:00,76.3558631,71.0936125,15
31/08/2014 06:30,76.3596739,71.0931471,15
31/08/2014 07:00,76.3582339,71.0933541,15
31/08/2014 07:30,76.3572963,71.0937946,15
31/08/2014 08:00,76.3570087,71.0940695,15
31/08/2014 08:30,76.3577386,71.0940398,15
31/08/2014 09:00,76.3575455,71.0940212,15
31/08/2014 09:30,76.3575401,71.0942965,15
31/08/2014 10:00,76.3595144,71.094458,15
31/08/2014 10:30,76.3593423,71.0948788,15
31/08/2014 11:00,76.3596521,71.094759,15
31/08/2014 11:30,76.3205823,71.1001427,15
31/08/2014 12:00,76.2903628,71.0964562,15
31/08/2014 12:30,75.6919135,70.7827116,15
31/08/2014 13:00,75.0492339,70.5123269,15
31/08/2014 13:30,74.3336581,70.2412125,15
31/08/2014 14:00,73.7084214,69.9599288,15
31/08/2014 14:30,72.7483745,69.7916519,15
05/09/2014 13:30,71.68906,69.7088199,15
05/09/2014 14:00,71.191049,69.7413356,15
05/09/2014 14:30,70.4158569,69.7129058,15
05/09/2014 15:00,69.6656656,69.7285557,15
05/09/2014 15:30,68.9813676,69.7615116,15
05/09/2014 16:00,68.9811969,69.7607861,15
05/09/2014 16:30,68.981202,69.7607565,15
05/09/2014 17:00,68.9863171,69.7607289,15
05/09/2014 17:30,68.9863608,69.760797,15
05/09/2014 18:00,68.986505,69.7608492,15
05/09/2014 18:30,68.9864681,69.7608502,15
05/09/2014 19:00,68.9864654,69.7608571,15
05/09/2014 19:30,68.9864735,69.7608614,15
05/09/2014 20:00,68.9864651,69.7608644,15
05/09/2014 20:30,68.9864975,69.7608833,15
05/09/2014 21:00,68.9864223,69.7608996,15
05/09/2014 21:30,68.9864713,69.7608967,15
05/09/2014 22:00,68.9864221,69.7608943,15
05/09/2014 22:30,68.9865328,69.7608234,15
05/09/2014 23:00,68.9865574,69.7608184,15
05/09/2014 23:30,68.9864447,69.7607339,15
06/09/2014 00:00,68.9864933,69.7606887,15
06/09/2014 00:30,68.9863784,69.7629696,15
06/09/2014 01:00,68.9863555,69.7629881,15
06/09/2014 01:30,68.9813796,69.7642567,15
06/09/2014 02:00,68.9752466,69.7686493,15
06/09/2014 02:30,68.9744871,69.7691532,15
06/09/2014 03:00,68.9733709,69.768495,15
06/09/2014 03:30,68.9729413,69.76895,15
06/09/2014 04:00,68.7058569,69.7877168,15
06/09/2014 04:30,68.7079421,69.7882183,15
06/09/2014 05:00,68.0497182,69.8255896,15
06/09/2014 05:30,67.2789544,69.884319,15
06/09/2014 06:00,67.0658009,69.9470387,15
06/09/2014 06:30,66.8085144,69.8783205,15
06/09/2014 07:00,66.5200887,69.5843197,15
06/09/2014 07:30,66.1631743,69.302472,15
06/09/2014 08:00,65.5347026,69.0704048,15
06/09/2014 08:30,64.6379866,68.9457475,15
06/09/2014 09:00,63.8087842,68.7267131,15
06/09/2014 09:30,63.025438,68.4793541,15
06/09/2014 10:00,62.2023166,68.3066619,15
06/09/2014 10:30,61.8932534,68.295332,15
06/09/2014 11:00,61.8927314,68.2951946,15
06/09/2014 11:30,61.8927622,68.295032,15
06/09/2014 12:00,61.8927669,68.2949829,15
06/09/2014 12:30,61.8928023,68.2950062,15
06/09/2014 13:00,61.8927294,68.2949821,15
06/09/2014 13:30,61.8922404,68.2949152,15
06/09/2014 14:00,61.8915694,68.2948682,15
06/09/2014 14:30,61.394938,68.3440704,15
06/09/2014 15:00,61.2217186,68.4023796,15
06/09/2014 15:30,61.2188644,68.4038071,15
23/09/2014 08:30,59.2315169,68.3138004,15
23/09/2014 09:00,58.4903937,68.177266,15
23/09/2014 09:30,57.8079586,68.0085129,15
23/09/2014 10:00,57.1373332,67.7985229,15
23/09/2014 10:30,56.448078,67.569443,15
23/09/2014 11:00,55.710179,67.3583628,15
23/09/2014 11:30,54.9263634,67.1668102,15
23/09/2014 12:00,54.0228171,67.093627,15
23/09/2014 12:30,53.0505317,67.0818804,15
23/09/2014 13:00,52.9419324,67.0978043,15
23/09/2014 13:30,52.9422025,67.1003412,15
23/09/2014 14:00,52.9405284,67.0986342,15
23/09/2014 14:30,52.9425648,67.0984821,15
23/09/2014 15:00,52.9485898,67.1001389,15
23/09/2014 15:30,52.9483074,67.1002403,15
23/09/2014 16:00,52.9468031,67.099507,15
23/09/2014 16:30,52.9486305,67.0997035,15
23/09/2014 17:00,52.9483919,67.0997938,15
23/09/2014 17:30,52.9487034,67.0998261,15
23/09/2014 18:00,52.9482957,67.1001375,15
23/09/2014 18:30,52.9485491,67.1000546,15
23/09/2014 19:00,52.9486421,67.099684,15
23/09/2014 19:30,52.9480898,67.0992382,15
23/09/2014 20:00,52.9426483,67.0982691,15
23/09/2014 20:30,52.9425799,67.098259,15
23/09/2014 21:00,52.9425236,67.0982802,15
23/09/2014 21:30,52.9425306,67.0982619,15
23/09/2014 22:00,52.9425684,67.0982561,15
23/09/2014 22:30,52.9424618,67.0982842,15
23/09/2014 23:00,52.9425286,67.0982613,15
23/09/2014 23:30,52.9425371,67.0982667,15
24/09/2014 00:00,52.9425408,67.0982719,15
24/09/2014 00:30,52.9425537,67.0983048,15
24/09/2014 01:00,52.9430347,67.1002412,15
24/09/2014 01:30,52.7834667,67.1299065,15
24/09/2014 02:00,51.8560042,67.2672297,15
24/09/2014 02:30,50.6782705,67.3396305,15
24/09/2014 03:00,49.5427874,67.2828778,15
24/09/2014 03:30,48.2833871,67.3047788,15
24/09/2014 04:00,47.4447777,67.1567729,15
24/09/2014 04:30,46.5823173,66.9984061,15
30/09/2014 06:30,45.6286996,66.652085,15
30/09/2014 07:00,44.7792094,66.4358523,15
30/09/2014 07:30,44.0493499,66.1141362,15
30/09/2014 08:00,43.3422891,65.7801577,15
30/09/2014 08:30,42.711221,65.3844377,15
30/09/2014 09:00,42.156356,65.0728687,15
30/09/2014 09:30,41.5806681,64.6939728,15
30/09/2014 10:00,40.9090051,64.3269615,15
30/09/2014 10:30,40.4327616,63.9191676,15
30/09/2014 11:00,39.9195874,63.5941596,15
30/09/2014 11:30,39.3716955,63.2078578,15
30/09/2014 12:00,38.8059074,62.9008575,15
04/10/2014 04:00,36.717984,62.074885,15
04/10/2014 04:30,35.9625679,61.7998716,15
04/10/2014 05:00,35.3621675,61.5447397,15
04/10/2014 05:30,34.7314892,61.2508436,15
04/10/2014 06:00,34.1449188,60.9180861,15
04/10/2014 06:30,33.461727,60.6461136,15
04/10/2014 07:00,32.8338359,60.4102231,15
04/10/2014 07:30,32.3550177,60.1364101,15
04/10/2014 08:00,31.825598,59.9201441,15
04/10/2014 08:30,31.4614053,59.6412948,15
04/10/2014 09:00,31.1179312,59.3015668,15
04/10/2014 09:30,30.5870662,58.9915811,15
04/10/2014 10:00,30.1218416,58.7056424,15
04/10/2014 10:30,29.7737874,58.3737631,15
04/10/2014 11:00,29.3978231,58.0898593,15
04/10/2014 11:30,28.8782146,57.9336441,15
04/10/2014 12:00,28.4149671,57.7147332,15
04/10/2014 12:30,27.9226658,57.4504343,15
04/10/2014 13:00,27.4691054,57.1894245,15
04/10/2014 13:30,27.0271003,56.9427144,15
04/10/2014 14:00,26.5267016,56.7322614,15
04/10/2014 14:30,26.0070384,56.5684812,15
04/10/2014 15:00,25.4929054,56.3749439,15
04/10/2014 15:30,24.9920377,56.2481752,15
04/10/2014 16:00,24.4675632,56.1689783,15
04/10/2014 16:30,23.9182606,56.0387729,15
13/10/2014 16:30,22.8908086,55.8966002,15
13/10/2014 17:00,22.5130726,55.8319461,15
13/10/2014 17:30,22.1433474,55.7686319,15
13/10/2014 18:00,21.6974019,55.7093248,15
13/10/2014 18:30,21.2969646,55.6377183,15
13/10/2014 19:00,20.9415307,55.85822,15
13/10/2014 19:30,20.9457996,55.857084,15
13/10/2014 20:00,20.9458862,55.8576365,15
13/10/2014 20:30,20.9426231,55.859784,15
13/10/2014 21:00,20.9376344,55.8601265,15
13/10/2014 21:30,20.7167207,56.0768009,15
13/10/2014 22:00,20.6668431,56.1131912,15
13/10/2014 22:30,20.6507332,56.1196901,15
13/10/2014 23:00,20.4931153,56.2941233,15
13/10/2014 23:30,20.6607005,56.3792444,15
14/10/2014 00:00,20.7716634,56.5346819,15
14/10/2014 00:30,20.9745276,56.7127753,15
14/10/2014 01:00,21.3697004,56.8302712,15
14/10/2014 01:30,21.7888719,57.033535,15
14/10/2014 02:00,22.2067063,57.1752595,15
14/10/2014 02:30,22.4932818,57.3097012,15
14/10/2014 03:00,22.586082,57.4418099,15
14/10/2014 03:30,22.5799966,57.5968343,15
14/10/2014 04:00,22.3246419,57.5584785,15
14/10/2014 04:30,22.2781826,57.4986785,15
14/10/2014 05:00,22.2791391,57.4689311,15
14/10/2014 05:30,22.3794123,57.4335583,15
14/10/2014 06:00,22.3791994,57.4336741,15
14/10/2014 06:30,22.3793965,57.4337266,15
14/10/2014 07:00,22.4215147,57.4241889,15
14/10/2014 07:30,22.3773073,57.4339016,15
14/10/2014 08:00,22.3773069,57.4338859,15
14/10/2014 08:30,22.3781373,57.4339774,15
14/10/2014 09:00,22.3451799,57.4306413,15
14/10/2014 09:30,22.3872422,57.2871843,15
14/10/2014 10:00,22.5007606,57.1249203,15
23/10/2014 20:30,21.7977823,56.9348257,15
23/10/2014 21:00,21.2827007,56.8600028,15
23/10/2014 21:30,20.834964,56.7690576,15
23/10/2014 22:00,20.4292442,56.7000781,15
23/10/2014 22:30,20.0666646,56.6003158,15
23/10/2014 23:00,19.679464,56.5117252,15
23/10/2014 23:30,19.3526883,56.4099451,15
24/10/2014 00:00,19.0286551,56.3445917,15
24/10/2014 00:30,18.7295718,56.2833786,15
24/10/2014 01:00,18.5656228,56.1730594,15
24/10/2014 01:30,18.2974368,56.0903505,15
24/10/2014 02:00,18.1766368,56.149062,15
24/10/2014 02:30,18.1747807,56.1535193,15
24/10/2014 03:00,18.1718847,56.1582147,15
24/10/2014 03:30,18.1516532,56.1668564,15
24/10/2014 04:00,17.8690325,56.1700446,15
24/10/2014 04:30,17.6162666,56.1424809,15
24/10/2014 05:00,17.396446,56.0491776,15
24/10/2014 05:30,17.1751508,55.9420492,15
24/10/2014 06:00,16.9570162,55.8499682,15
24/10/2014 06:30,16.7337675,55.8961516,15
24/10/2014 07:00,16.3299086,56.0440551,15
24/10/2014 07:30,15.9263421,56.0918325,15
24/10/2014 08:00,15.5803015,56.0931017,15
24/10/2014 08:30,15.2517587,56.0830533,15
24/10/2014 09:00,14.9208251,56.0603358,15
02/10/2014 13:11,12.261067,52.739233,5
02/10/2014 13:45,12.262783,52.739617,5
02/10/2014 18:47,12.24605,52.741783,5
02/10/2014 19:19,12.24555,52.741517,5
03/10/2014 00:19,12.242533,52.741967,5
03/10/2014 03:00,12.236583,52.74075,5
23/09/2014 18:08,59.201233,68.991333,10
30/09/2014 07:36,37.445083,63.0558,10
30/09/2014 18:35,31.732367,58.11325,10
01/10/2014 05:19,23.948233,55.09025,10
01/10/2014 16:01,14.340733,54.135917,10
02/10/2014 02:45,14.365433,54.158867,10
10/10/2014 08:30,33.1914749,62.7625807,13
10/10/2014 13:30,26.3954951,63.4825875,13
15/10/2014 08:30,23.0760245,63.1418184,13
15/10/2014 13:30,22.7822646,62.8595355,13
22/10/2014 13:31,16.9380807,60.5520118,13
23/10/2014 08:30,15.025875,57.5254811,13
23/10/2014 13:30,13.2985766,55.874354,13
24/10/2014 08:30,11.987775,54.7561204,13
24/10/2014 13:30,11.9883139,54.7560371,13
28/08/2014 07:09,44.7625,67.268967,6
30/09/2014 16:12,35.357883,60.903383,6
01/10/2014 10:37,22.509733,55.21475,6
03/10/2014 11:28,7.292517,53.392167,6
04/10/2014 07:11,5.922067,53.107067,6
04/10/2014 14:12,5.811383,53.014967,6
04/10/2014 21:05,5.729433,53.009167,6
