timestamp,location_lat,location_long,individual_id,tag_id
2013-09-30 08:30:48.000,62.7070288,36.1328154,138936193,138936194
2013-09-30 13:31:26.000,60.1484368,32.238147,138936193,138936194
2013-10-02 08:30:43.000,54.3311665,12.581129,138936193,138936194
2014-03-17 22:00:13.000,52.1085736,6.217192,138936193,138936194
2014-03-17 22:30:28.000,52.19411,6.5051699,138936193,138936194
2014-03-17 23:00:44.000,52.3829852,7.0161863,138936193,138936194
2014-03-17 23:30:38.000,52.4462767,7.6796113,138936193,138936194
2014-03-18 00:00:21.000,52.5111024,8.3752502,138936193,138936194
2014-03-18 00:30:45.000,52.5643404,9.1313418,138936193,138936194
2014-03-18 01:00:17.000,52.6998494,9.7899436,138936193,138936194
2014-03-18 01:30:30.000,52.5593905,10.3007695,138936193,138936194
2014-03-18 02:00:22.000,52.4843186,10.9220992,138936193,138936194
2014-03-18 02:30:35.000,52.4850108,11.5942547,138936193,138936194
2014-03-18 03:00:37.000,52.5696333,12.2710355,138936193,138936194
2014-03-18 03:30:26.000,52.5956796,12.9548669,138936193,138936194
2014-03-18 04:00:52.000,52.5273735,13.7102264,138936193,138936194
2014-03-18 04:30:40.000,52.4663577,14.4627541,138936193,138936194
2014-03-18 05:00:15.000,52.5657902,14.7140648,138936193,138936194
2014-03-18 05:30:11.000,52.5753802,14.7657244,138936193,138936194
2014-03-18 06:00:47.000,52.60887,14.9653845,138936193,138936194
2014-03-18 06:30:57.000,52.5817277,15.6838177,138936193,138936194
2014-03-18 07:00:57.000,52.4876806,16.4280354,138936193,138936194
2014-03-18 07:30:51.000,52.4759876,17.1890165,138936193,138936194
2014-03-18 08:00:39.000,52.5074556,17.9865136,138936193,138936194
2014-03-18 08:30:21.000,52.4721873,18.7546027,138936193,138936194
2014-03-18 09:00:40.000,52.4103637,19.5145833,138936193,138936194
2014-03-18 09:30:40.000,52.3012642,20.3407881,138936193,138936194
2014-03-18 10:00:28.000,52.2500479,21.1698891,138936193,138936194
2014-03-18 10:30:39.000,52.0883761,21.9484294,138936193,138936194
2014-03-18 11:00:40.000,51.9520038,22.7320746,138936193,138936194
2014-03-18 11:30:34.000,51.7472667,23.4886672,138936193,138936194
2014-03-18 12:00:27.000,51.7958592,24.1165699,138936193,138936194
2014-03-18 12:30:15.000,51.8682518,24.4383377,138936193,138936194
2014-03-18 13:00:26.000,51.810553,24.6899989,138936193,138936194
2014-03-18 13:30:25.000,51.6657446,25.0878255,138936193,138936194
2014-03-18 14:00:56.000,51.7153527,25.4611385,138936193,138936194
2014-03-18 14:30:27.000,51.8706033,25.8184732,138936193,138936194
2014-03-18 15:00:31.000,51.9316009,25.6612119,138936193,138936194
2014-03-18 15:30:23.000,52.0817608,25.6941772,138936193,138936194
2014-03-18 16:00:13.000,52.2726901,25.5409644,138936193,138936194
2014-03-18 16:30:20.000,52.3633042,25.5579595,138936193,138936194
2014-03-18 17:00:44.000,52.3617069,25.5574908,138936193,138936194
2014-03-18 17:30:57.000,52.4042917,25.4531769,138936193,138936194
2014-03-18 18:00:41.000,52.4046061,25.4533234,138936193,138936194
2014-03-18 18:30:27.000,52.4045029,25.4534122,138936193,138936194
2014-03-18 19:00:36.000,52.404457,25.4534325,138936193,138936194
2014-03-18 19:30:13.000,52.4044044,25.4534517,138936193,138936194
2014-03-18 20:00:40.000,52.4044575,25.4535139,138936193,138936194
2014-03-18 20:30:57.000,52.4097327,25.4512533,138936193,138936194
2014-03-18 21:00:51.000,52.4097242,25.4512842,138936193,138936194
2014-03-18 21:30:13.000,52.4096483,25.4513198,138936193,138936194
2014-03-18 22:00:18.000,52.4102882,25.4514871,138936193,138936194
2014-03-18 22:30:27.000,52.4103343,25.4514174,138936193,138936194
2014-03-18 23:00:48.000,52.4103015,25.4514375,138936193,138936194
2014-03-18 23:30:23.000,52.4102861,25.4514499,138936193,138936194
2014-03-19 00:00:23.000,52.4102762,25.4514542,138936193,138936194
2014-03-19 00:30:19.000,52.4102863,25.4514526,138936193,138936194
2014-03-19 01:00:44.000,52.4102482,25.4514394,138936193,138936194
2014-03-19 01:30:13.000,52.4102429,25.4514823,138936193,138936194
2014-03-19 02:00:30.000,52.4102701,25.4514819,138936193,138936194
2014-03-19 02:30:27.000,52.4102602,25.4514744,138936193,138936194
2014-03-19 03:00:28.000,52.4102746,25.4514728,138936193,138936194
2014-03-19 03:30:30.000,52.4102748,25.4515056,138936193,138936194
2014-03-19 04:00:26.000,52.4103207,25.4516971,138936193,138936194
2014-03-19 04:30:27.000,52.4098938,25.4502714,138936193,138936194
2014-03-19 05:00:28.000,52.4080308,25.4437761,138936193,138936194
2014-03-19 05:30:17.000,52.4087101,25.4450369,138936193,138936194
2014-03-19 06:00:50.000,52.4087452,25.4450643,138936193,138936194
2014-03-19 06:30:30.000,52.4087311,25.4450871,138936193,138936194
2014-03-19 07:00:30.000,52.3830306,25.8139788,138936193,138936194
2014-03-19 07:30:27.000,52.2643843,26.4385099,138936193,138936194
2014-03-19 08:00:33.000,52.1606655,27.0770448,138936193,138936194
2014-03-19 08:30:17.000,52.0100392,27.7119005,138936193,138936194
2014-03-19 09:00:18.000,51.8656146,28.3621496,138936193,138936194
2014-03-19 09:30:25.000,51.8067939,29.0077423,138936193,138936194
2014-03-19 10:00:57.000,51.7800686,29.7062075,138936193,138936194
2014-03-19 10:30:22.000,51.841827,30.1527338,138936193,138936194
2014-03-19 11:00:50.000,51.8413358,30.1530608,138936193,138936194
2014-03-19 11:30:24.000,51.8413359,30.1530769,138936193,138936194
2014-03-19 12:00:30.000,51.8410887,30.1534756,138936193,138936194
2014-03-19 12:30:25.000,51.8408234,30.1533786,138936193,138936194
2014-03-19 13:00:16.000,51.8415722,30.1542891,138936193,138936194
2014-03-19 13:30:19.000,51.8405643,30.1534444,138936193,138936194
2014-03-19 14:00:31.000,51.8103555,30.1444044,138936193,138936194
2014-03-19 14:30:21.000,51.8104826,30.1442702,138936193,138936194
2014-03-19 15:00:31.000,51.8122651,30.1432884,138936193,138936194
2014-03-19 15:30:22.000,51.8123121,30.1437766,138936193,138936194
2014-03-19 16:00:26.000,51.8123017,30.1438,138936193,138936194
2014-03-19 16:30:24.000,51.8128273,30.1429356,138936193,138936194
2014-03-19 17:00:12.000,51.8412708,30.1531786,138936193,138936194
2014-03-19 17:30:39.000,51.8413025,30.1531021,138936193,138936194
2014-03-19 18:00:30.000,51.8413455,30.1530697,138936193,138936194
2014-03-19 18:30:21.000,51.8413252,30.1530988,138936193,138936194
2014-03-19 19:00:12.000,51.841321,30.1531154,138936193,138936194
2014-03-19 19:30:32.000,51.8413224,30.1530563,138936193,138936194
2014-03-19 20:00:24.000,51.8416929,30.1527326,138936193,138936194
2014-03-19 20:30:31.000,51.8394121,30.1535468,138936193,138936194
2014-03-19 21:00:16.000,51.7463593,30.3629181,138936193,138936194
2014-03-19 21:30:22.000,51.840819,30.2131807,138936193,138936194
2014-03-19 22:00:22.000,51.8414668,30.2114411,138936193,138936194
2014-03-19 22:30:57.000,51.8413905,30.211751,138936193,138936194
2014-03-19 23:00:23.000,51.8414153,30.2117875,138936193,138936194
2014-03-19 23:30:42.000,51.8413956,30.2117658,138936193,138936194
2014-03-20 00:00:21.000,51.8413905,30.2117647,138936193,138936194
2014-03-20 00:30:20.000,51.841393,30.2117885,138936193,138936194
2014-03-20 01:00:11.000,51.8413779,30.2118029,138936193,138936194
2014-03-20 01:30:18.000,51.8414462,30.2117392,138936193,138936194
2014-03-20 02:00:44.000,51.841387,30.2118071,138936193,138936194
2014-03-20 02:30:21.000,51.8414059,30.2118001,138936193,138936194
2014-03-20 03:00:29.000,51.8410846,30.2120462,138936193,138936194
2014-03-20 03:30:29.000,51.840988,30.211964,138936193,138936194
2014-03-20 04:00:11.000,51.8410638,30.2118695,138936193,138936194
2014-03-20 04:30:14.000,51.8411571,30.1563696,138936193,138936194
2014-03-20 05:00:22.000,51.8412011,30.1528232,138936193,138936194
2014-03-20 05:31:38.000,51.8356651,30.1569383,138936193,138936194
2014-03-20 06:00:52.000,51.8127734,30.1421339,138936193,138936194
2014-03-20 06:30:20.000,51.8128814,30.1416858,138936193,138936194
2014-03-20 07:00:22.000,51.8129381,30.1415766,138936193,138936194
2014-03-20 07:30:55.000,51.8127667,30.14096,138936193,138936194
2014-03-20 08:00:21.000,51.8412193,30.1530014,138936193,138936194
2014-03-20 08:30:34.000,51.8411991,30.1530672,138936193,138936194
2014-03-20 09:00:29.000,51.8412263,30.1530864,138936193,138936194
2014-03-20 09:30:52.000,51.8412782,30.1530026,138936193,138936194
2014-03-20 10:00:41.000,51.8412142,30.1529758,138936193,138936194
2014-03-20 10:30:24.000,51.8412138,30.1530124,138936193,138936194
2014-03-20 11:00:13.000,51.8412088,30.1529976,138936193,138936194
2014-03-20 11:30:17.000,51.8414717,30.1535703,138936193,138936194
2014-03-20 12:00:21.000,51.8417655,30.1532437,138936193,138936194
2014-03-20 12:30:51.000,51.8411984,30.1529342,138936193,138936194
2014-03-20 13:00:28.000,51.8412348,30.1529611,138936193,138936194
2014-03-20 13:30:10.000,51.8414889,30.1530329,138936193,138936194
2014-03-20 14:00:31.000,51.841714,30.1532847,138936193,138936194
2014-03-20 14:30:59.000,51.841885,30.1531492,138936193,138936194
2014-03-20 15:00:38.000,51.8413423,30.1530991,138936193,138936194
2014-03-20 15:30:23.000,51.8121408,30.1439088,138936193,138936194
2014-03-20 16:00:30.000,51.8117939,30.1413637,138936193,138936194
2014-03-20 16:30:14.000,51.8115777,30.1410961,138936193,138936194
2014-03-20 17:00:32.000,51.8417913,30.1531226,138936193,138936194
2014-03-20 17:30:44.000,51.8415534,30.1527626,138936193,138936194
2014-03-20 18:00:16.000,51.8416228,30.152814,138936193,138936194
2014-03-20 18:30:32.000,51.8416316,30.1527448,138936193,138936194
2014-03-20 19:00:25.000,51.8416403,30.1528392,138936193,138936194
2014-03-20 19:30:15.000,51.8416581,30.1528261,138936193,138936194
2014-03-20 20:00:16.000,51.8414146,30.1529328,138936193,138936194
2014-03-20 20:30:56.000,51.8416116,30.1527673,138936193,138936194
2014-03-20 21:00:29.000,51.841604,30.1527642,138936193,138936194
2014-03-20 21:30:33.000,51.8271059,30.1477468,138936193,138936194
2014-03-20 22:00:27.000,51.8270233,30.1479998,138936193,138936194
2014-03-20 22:30:19.000,51.8270167,30.1478411,138936193,138936194
2014-03-20 23:00:52.000,51.8270288,30.1480318,138936193,138936194
2014-03-20 23:30:29.000,51.8269636,30.1480435,138936193,138936194
2014-03-21 00:00:56.000,51.8268975,30.1473182,138936193,138936194
2014-03-21 00:30:50.000,51.8268449,30.1471936,138936193,138936194
2014-03-21 01:00:11.000,51.8268103,30.1471719,138936193,138936194
2014-03-21 01:30:32.000,51.8268159,30.1471621,138936193,138936194
2014-03-21 02:00:31.000,51.826808,30.1471975,138936193,138936194
2014-03-21 02:30:29.000,51.826844,30.1471484,138936193,138936194
2014-03-21 03:00:14.000,51.8268752,30.1471858,138936193,138936194
2014-03-21 03:30:21.000,51.8271242,30.1476453,138936193,138936194
2014-03-21 04:00:18.000,51.8271356,30.1479702,138936193,138936194
2014-03-21 04:30:54.000,51.8270704,30.1480675,138936193,138936194
2014-03-21 05:00:30.000,51.8132871,30.1423276,138936193,138936194
2014-03-21 05:30:17.000,51.8134063,30.1420288,138936193,138936194
2014-03-21 06:00:18.000,51.8135327,30.1423332,138936193,138936194
2014-03-21 06:30:24.000,51.8412203,30.1530089,138936193,138936194
2014-03-21 07:00:12.000,51.8412896,30.1529529,138936193,138936194
2014-03-21 07:30:13.000,51.8412933,30.1529279,138936193,138936194
2014-03-21 08:00:16.000,51.8412763,30.152934,138936193,138936194
2014-03-21 08:30:44.000,51.8412886,30.1529152,138936193,138936194
2014-03-21 09:00:23.000,51.8412651,30.1529716,138936193,138936194
2014-03-21 09:30:30.000,51.8412714,30.1529753,138936193,138936194
2014-03-21 10:00:24.000,51.8438539,30.2028713,138936193,138936194
2014-03-21 10:30:21.000,51.844012,30.2034032,138936193,138936194
2014-03-21 11:00:23.000,51.8443496,30.2031081,138936193,138936194
2014-03-21 11:30:33.000,51.8445354,30.2030606,138936193,138936194
2014-03-21 12:00:16.000,51.8445844,30.202965,138936193,138936194
2014-03-21 12:30:44.000,51.8449227,30.2026075,138936193,138936194
2014-03-21 13:00:17.000,51.8447742,30.2024515,138936193,138936194
2014-03-21 13:30:17.000,51.8439099,30.2042886,138936193,138936194
2014-03-21 14:01:26.000,51.8441903,30.2034244,138936193,138936194
2014-03-21 14:30:29.000,51.8431479,30.2027263,138936193,138936194
2014-03-21 15:00:26.000,51.8435565,30.2029913,138936193,138936194
2014-03-21 15:30:22.000,51.8415305,30.2034263,138936193,138936194
2014-03-21 16:00:21.000,51.8145461,30.1348197,138936193,138936194
2014-03-21 16:30:56.000,51.8189145,30.1379585,138936193,138936194
2014-03-21 17:00:50.000,51.8271102,30.1479189,138936193,138936194
2014-03-21 17:30:22.000,51.8270737,30.1479677,138936193,138936194
2014-03-21 18:00:18.000,51.8270731,30.1474106,138936193,138936194
2014-03-21 18:30:53.000,51.8271359,30.1474325,138936193,138936194
2014-03-21 19:00:46.000,51.8268447,30.1475254,138936193,138936194
2014-03-21 19:30:14.000,51.8270278,30.1474932,138936193,138936194
2014-03-21 20:00:37.000,51.8269636,30.1477949,138936193,138936194
2014-03-21 20:30:27.000,51.8271319,30.1476347,138936193,138936194
2014-03-21 21:00:19.000,51.8271067,30.1476919,138936193,138936194
2014-03-21 21:30:19.000,51.8271745,30.1475313,138936193,138936194
2014-03-21 22:00:27.000,51.8270729,30.147955,138936193,138936194
2014-03-21 22:30:16.000,51.8271735,30.147462,138936193,138936194
2014-03-21 23:00:51.000,51.8270702,30.1479792,138936193,138936194
2014-03-21 23:30:15.000,51.8269362,30.1480182,138936193,138936194
2014-03-22 00:00:19.000,51.8269847,30.1479563,138936193,138936194
2014-03-22 00:30:49.000,51.8271001,30.1473645,138936193,138936194
2014-03-22 01:00:28.000,51.827117,30.147537,138936193,138936194
2014-03-22 01:30:16.000,51.8271297,30.1475515,138936193,138936194
2014-03-22 02:00:13.000,51.8271117,30.1475616,138936193,138936194
2014-03-22 02:30:11.000,51.827161,30.1475387,138936193,138936194
2014-03-22 03:00:11.000,51.8272512,30.1474683,138936193,138936194
2014-03-22 03:30:38.000,51.8269645,30.1475381,138936193,138936194
2014-03-22 04:00:27.000,51.8268687,30.1476948,138936193,138936194
2014-03-22 04:30:30.000,51.8140959,30.1382361,138936193,138936194
2014-03-22 05:00:14.000,51.8138387,30.1381604,138936193,138936194
2014-03-22 05:30:19.000,51.813872,30.1381646,138936193,138936194
2014-03-22 06:00:56.000,51.8138247,30.1379916,138936193,138936194
2014-03-22 06:30:15.000,51.8297032,30.1525009,138936193,138936194
2014-03-22 07:00:26.000,51.8412277,30.1530372,138936193,138936194
2014-03-22 07:30:14.000,51.8411156,30.1550668,138936193,138936194
2014-03-22 08:00:14.000,51.8401137,30.1556023,138936193,138936194
2014-03-22 08:30:33.000,51.8409464,30.1531548,138936193,138936194
2014-03-22 09:00:56.000,51.8410908,30.1656118,138936193,138936194
2014-03-22 09:30:18.000,51.8440354,30.2032753,138936193,138936194
2014-03-22 10:00:14.000,51.8369443,30.170344,138936193,138936194
2014-03-22 10:30:17.000,51.8400273,30.2025318,138936193,138936194
2014-03-22 11:00:29.000,51.8399545,30.2026695,138936193,138936194
2014-03-22 11:30:32.000,51.8399992,30.2026795,138936193,138936194
2014-03-22 12:00:44.000,51.8399907,30.2026602,138936193,138936194
2014-03-22 12:30:19.000,51.8399933,30.202656,138936193,138936194
2014-03-22 13:00:12.000,51.8399778,30.202237,138936193,138936194
2014-03-22 13:30:14.000,51.8400719,30.2026006,138936193,138936194
2014-03-22 14:00:15.000,51.8401659,30.2022237,138936193,138936194
2014-03-22 14:30:12.000,51.8133314,30.1383532,138936193,138936194
2014-03-22 15:00:16.000,51.8125139,30.132987,138936193,138936194
2014-03-22 15:30:52.000,51.8803706,30.0497913,138936193,138936194
2014-03-22 16:00:18.000,52.1316212,30.067565,138936193,138936194
2014-03-22 16:30:51.000,52.4109713,30.4870475,138936193,138936194
2014-03-22 17:00:44.000,52.6876617,30.9680307,138936193,138936194
2014-03-22 17:30:23.000,52.8126665,30.9447521,138936193,138936194
2014-03-22 18:00:45.000,52.8126388,30.9447384,138936193,138936194
2014-03-22 18:30:14.000,52.8126234,30.9448363,138936193,138936194
2014-03-22 19:00:39.000,52.8125515,30.9448437,138936193,138936194
2014-03-22 19:30:25.000,52.8125922,30.944928,138936193,138936194
2014-03-22 20:00:18.000,52.8125434,30.9448855,138936193,138936194
2014-03-22 20:30:56.000,52.812614,30.9448865,138936193,138936194
2014-03-22 21:00:30.000,52.8127579,30.9448349,138936193,138936194
2014-03-22 21:30:29.000,52.8126739,30.9448009,138936193,138936194
2014-03-22 22:00:11.000,52.8126291,30.9448266,138936193,138936194
2014-03-22 22:30:17.000,52.8127199,30.9445331,138936193,138936194
2014-03-22 23:00:54.000,52.8126249,30.9439541,138936193,138936194
2014-03-22 23:30:39.000,52.8124264,30.9439117,138936193,138936194
2014-03-23 00:00:33.000,52.8120895,30.9440856,138936193,138936194
2014-03-23 00:30:29.000,52.8131622,30.9454919,138936193,138936194
2014-03-23 01:00:23.000,52.8131904,30.9452788,138936193,138936194
2014-03-23 01:30:25.000,52.813227,30.9452735,138936193,138936194
2014-03-23 02:00:32.000,52.8132198,30.945265,138936193,138936194
2014-03-23 02:30:27.000,52.8132984,30.9452204,138936193,138936194
2014-03-23 03:00:28.000,52.8133223,30.9452102,138936193,138936194
2014-03-23 03:30:29.000,52.8095775,30.9433496,138936193,138936194
2014-03-23 04:00:37.000,52.9315997,30.8160118,138936193,138936194
2014-03-23 04:30:14.000,53.0087185,30.8349772,138936193,138936194
2014-03-23 05:00:51.000,53.0088207,30.8355239,138936193,138936194
2014-03-23 05:30:20.000,53.0087596,30.8355648,138936193,138936194
2014-03-23 06:00:29.000,53.0085814,30.8355789,138936193,138936194
2014-03-23 06:30:09.000,53.0085929,30.8355871,138936193,138936194
2014-03-23 07:00:25.000,53.0086884,30.8354983,138936193,138936194
2014-03-23 07:30:33.000,53.008567,30.8357429,138936193,138936194
2014-03-23 08:00:16.000,53.0399725,30.885359,138936193,138936194
2014-03-23 08:30:30.000,53.0399783,30.8854327,138936193,138936194
2014-03-23 09:00:21.000,53.0399578,30.8854773,138936193,138936194
2014-03-23 09:30:14.000,53.0399411,30.885467,138936193,138936194
2014-03-23 10:00:21.000,53.0401721,30.8872253,138936193,138936194
2014-03-23 10:30:27.000,53.0390362,30.8828984,138936193,138936194
2014-03-23 11:00:22.000,53.0856319,30.8883728,138936193,138936194
2014-03-23 11:30:17.000,53.0855867,30.8883712,138936193,138936194
2014-03-23 12:00:56.000,53.0855909,30.8884572,138936193,138936194
2014-03-23 12:30:13.000,53.0855668,30.8883681,138936193,138936194
2014-03-23 13:00:27.000,53.0835956,30.8869757,138936193,138936194
2014-03-23 13:30:38.000,53.0836399,30.8867729,138936193,138936194
2014-03-23 14:30:30.000,53.0373826,30.7911852,138936193,138936194
2014-03-23 15:00:33.000,53.0380963,30.7931623,138936193,138936194
2014-03-23 15:30:21.000,53.039195,30.8155849,138936193,138936194
2014-03-23 16:00:27.000,53.0396413,30.8165048,138936193,138936194
2014-03-23 16:30:21.000,53.0395545,30.8165549,138936193,138936194
2014-03-23 17:00:17.000,52.9983864,30.9344452,138936193,138936194
2014-03-23 17:30:17.000,52.8913002,30.9001735,138936193,138936194
2014-03-23 18:00:44.000,52.79775,30.9363491,138936193,138936194
2014-03-23 18:30:37.000,52.7977085,30.9363186,138936193,138936194
2014-03-23 19:00:14.000,52.7978246,30.9362092,138936193,138936194
2014-03-23 19:30:29.000,52.797802,30.936204,138936193,138936194
2014-03-23 20:03:24.000,52.7978187,30.9361793,138936193,138936194
2014-03-23 20:30:41.000,52.797815,30.9357138,138936193,138936194
2014-03-23 21:00:15.000,52.7978347,30.9354748,138936193,138936194
2014-03-23 21:30:30.000,52.7979515,30.9357014,138936193,138936194
2014-03-23 22:00:56.000,52.7979516,30.9356869,138936193,138936194
2014-03-23 22:30:13.000,52.797586,30.9359165,138936193,138936194
2014-03-23 23:00:44.000,52.7975967,30.9357707,138936193,138936194
2014-03-23 23:30:30.000,52.797427,30.9358956,138936193,138936194
2014-03-24 00:00:18.000,52.797094,30.9360222,138936193,138936194
2014-03-24 00:30:22.000,52.7972185,30.9358777,138936193,138936194
2014-03-24 01:00:27.000,52.7970373,30.9360422,138936193,138936194
2014-03-24 01:30:13.000,52.7970081,30.9342977,138936193,138936194
2014-03-24 02:00:57.000,52.7970691,30.9346803,138936193,138936194
2014-03-24 02:30:12.000,52.7969787,30.935394,138936193,138936194
2014-03-24 03:00:30.000,52.7974939,30.935493,138936193,138936194
2014-03-24 03:30:22.000,52.7908641,30.938471,138936193,138936194
2014-03-24 04:00:16.000,52.7355145,30.9756965,138936193,138936194
2014-03-24 04:30:12.000,52.6742081,30.9213211,138936193,138936194
2014-03-24 05:00:10.000,52.67421,30.9214289,138936193,138936194
2014-03-24 05:30:16.000,52.6739658,30.9195534,138936193,138936194
2014-03-24 06:00:56.000,52.6738107,30.9187491,138936193,138936194
2014-03-24 06:30:24.000,52.6735473,30.9183635,138936193,138936194
2014-03-24 07:00:17.000,52.6740337,30.9181581,138936193,138936194
2014-03-24 07:30:20.000,52.6733359,30.9185337,138936193,138936194
2014-03-24 08:00:12.000,52.6723717,30.9209582,138936193,138936194
2014-03-24 08:30:50.000,52.6724055,30.9210894,138936193,138936194
2014-03-24 09:00:15.000,52.6947825,30.9650092,138936193,138936194
2014-03-24 09:30:17.000,52.6947384,30.9650266,138936193,138936194
2014-03-24 10:00:18.000,52.6948032,30.9650477,138936193,138936194
2014-03-24 10:30:27.000,52.6948103,30.9650443,138936193,138936194
2014-03-24 11:00:18.000,52.6947786,30.9650395,138936193,138936194
2014-03-24 11:30:21.000,52.6947661,30.9650331,138936193,138936194
2014-03-24 12:01:06.000,52.6947589,30.9652191,138936193,138936194
2014-03-24 12:30:23.000,52.6946983,30.9649846,138936193,138936194
2014-03-24 13:00:17.000,52.6946231,30.9649642,138936193,138936194
2014-03-24 13:30:17.000,52.6946621,30.9650283,138936193,138936194
2014-03-24 14:00:18.000,52.6882118,30.9459222,138936193,138936194
2014-03-24 14:30:32.000,52.6734681,30.9179575,138936193,138936194
2014-03-24 15:00:19.000,52.6734616,30.9180067,138936193,138936194
2014-03-24 15:30:22.000,52.6734819,30.9177631,138936193,138936194
2014-03-24 16:00:23.000,52.6723865,30.919557,138936193,138936194
2014-03-24 16:30:18.000,52.6698684,30.920765,138936193,138936194
2014-03-24 17:00:40.000,52.7409576,30.9849385,138936193,138936194
2014-03-24 17:30:27.000,52.7411035,30.9849286,138936193,138936194
2014-03-24 18:00:34.000,52.7411105,30.9849948,138936193,138936194
2014-03-24 18:30:44.000,52.7411287,30.9851095,138936193,138936194
2014-03-24 19:00:19.000,52.7410494,30.9850142,138936193,138936194
2014-03-24 19:30:14.000,52.7410396,30.9849828,138936193,138936194
2014-03-24 20:00:36.000,52.741096,30.9851874,138936193,138936194
2014-03-24 20:30:31.000,52.7401099,30.9846529,138936193,138936194
2014-03-24 21:00:15.000,52.7397563,30.9840513,138936193,138936194
2014-03-24 21:30:25.000,52.7396882,30.9839566,138936193,138936194
2014-03-24 22:00:21.000,52.7395959,30.9838288,138936193,138936194
2014-03-24 22:30:35.000,52.7285681,31.004334,138936193,138936194
2014-03-24 23:00:56.000,52.7285212,31.0044784,138936193,138936194
2014-03-24 23:30:46.000,52.7284964,31.0044585,138936193,138936194
2014-03-25 00:00:23.000,52.7284859,31.0044627,138936193,138936194
2014-03-25 00:30:26.000,52.7285083,31.0044624,138936193,138936194
2014-03-25 01:00:13.000,52.7284828,31.0044775,138936193,138936194
2014-03-25 01:30:56.000,52.7285081,31.0044489,138936193,138936194
2014-03-25 02:00:32.000,52.7285311,31.0044581,138936193,138936194
2014-03-25 02:30:18.000,52.7285658,31.0044726,138936193,138936194
2014-03-25 03:00:14.000,52.7285364,31.0044485,138936193,138936194
2014-03-25 03:30:41.000,52.7301307,30.9958925,138936193,138936194
2014-03-25 04:00:29.000,52.6582521,30.9055597,138936193,138936194
2014-03-25 04:30:30.000,52.619103,30.9326051,138936193,138936194
2014-03-25 05:00:22.000,52.6172629,30.9410008,138936193,138936194
2014-03-25 05:30:26.000,52.668404,31.0598401,138936193,138936194
2014-03-25 06:00:17.000,52.7344505,31.008762,138936193,138936194
2014-03-25 06:30:13.000,52.7343903,31.0092213,138936193,138936194
2014-03-25 07:00:31.000,52.7292493,31.0035556,138936193,138936194
2014-03-25 07:30:30.000,52.7195836,30.9939359,138936193,138936194
2014-03-25 08:00:14.000,52.7195154,30.9938803,138936193,138936194
2014-03-25 08:30:34.000,52.7190619,30.9952397,138936193,138936194
2014-03-25 09:00:28.000,52.7189875,30.9953047,138936193,138936194
2014-03-25 09:30:29.000,52.7181383,30.9955501,138936193,138936194
2014-03-25 10:00:21.000,52.7181713,30.9954679,138936193,138936194
2014-03-25 10:30:13.000,52.7199465,30.9968998,138936193,138936194
2014-03-25 11:00:56.000,52.7181435,30.9954206,138936193,138936194
2014-03-25 11:30:18.000,52.7241667,30.9964069,138936193,138936194
2014-03-25 12:00:17.000,52.7206107,30.9943104,138936193,138936194
2014-03-25 12:30:11.000,52.7190186,30.9952508,138936193,138936194
2014-03-25 13:00:33.000,52.7191181,30.9949522,138936193,138936194
2014-03-25 13:30:29.000,52.6048971,30.9277593,138936193,138936194
2014-03-25 14:00:27.000,52.5398194,31.0206107,138936193,138936194
2014-03-25 14:30:18.000,52.5398612,31.0207212,138936193,138936194
2014-03-25 15:00:29.000,52.5429182,31.0282704,138936193,138936194
2014-03-25 15:30:26.000,52.5420291,31.0291805,138936193,138936194
2014-03-25 16:00:50.000,52.5425261,31.0281112,138936193,138936194
2014-03-25 16:30:30.000,52.5455486,31.0207948,138936193,138936194
2014-03-25 17:00:29.000,52.736141,31.0036577,138936193,138936194
2014-03-25 17:30:28.000,52.7351127,31.0084452,138936193,138936194
2014-03-25 18:00:20.000,52.7351832,31.0085687,138936193,138936194
2014-03-25 18:30:56.000,52.7351611,31.0085017,138936193,138936194
2014-03-25 19:01:26.000,52.7351752,31.0087135,138936193,138936194
2014-03-25 19:30:17.000,52.7351522,31.0084048,138936193,138936194
2014-03-25 20:00:17.000,52.7352791,31.0079967,138936193,138936194
2014-03-25 20:30:37.000,52.7352349,31.0081395,138936193,138936194
2014-03-25 21:00:22.000,52.7352601,31.0081905,138936193,138936194
2014-03-25 21:30:12.000,52.7352652,31.0081682,138936193,138936194
2014-03-25 22:00:30.000,52.7353151,31.0080939,138936193,138936194
2014-03-25 22:30:28.000,52.7353426,31.0080819,138936193,138936194
2014-03-25 23:00:23.000,52.7353277,31.0081014,138936193,138936194
2014-03-25 23:30:44.000,52.7352851,31.0081625,138936193,138936194
2014-03-26 00:00:23.000,52.7352842,31.0081758,138936193,138936194
2014-03-26 00:30:16.000,52.7358852,31.0079923,138936193,138936194
2014-03-26 01:00:25.000,52.7358982,31.0080059,138936193,138936194
2014-03-26 01:30:21.000,52.7358827,31.0080749,138936193,138936194
2014-03-26 02:00:50.000,52.7359422,31.0079817,138936193,138936194
2014-03-26 02:30:22.000,52.7360118,31.0080137,138936193,138936194
2014-03-26 03:00:56.000,52.736053,31.0082681,138936193,138936194
2014-03-26 03:30:19.000,52.7239725,30.9959126,138936193,138936194
2014-03-26 04:00:56.000,52.7199465,30.9931235,138936193,138936194
2014-03-26 04:30:31.000,52.7193826,30.9931558,138936193,138936194
2014-03-26 05:00:28.000,52.6760528,30.9190404,138936193,138936194
2014-03-26 05:30:50.000,52.6737079,30.9154185,138936193,138936194
2014-03-26 06:00:20.000,52.6737149,30.9153929,138936193,138936194
2014-03-26 06:30:16.000,52.673715,30.9153398,138936193,138936194
2014-03-26 07:00:14.000,52.6733518,30.9129819,138936193,138936194
2014-03-26 07:30:17.000,52.6732899,30.9127785,138936193,138936194
2014-03-26 08:00:50.000,52.6728695,30.9173155,138936193,138936194
2014-03-26 08:30:19.000,52.6733323,30.9202749,138936193,138936194
2014-03-26 09:00:19.000,52.6738381,30.921002,138936193,138936194
2014-03-26 09:30:26.000,52.6738761,30.9209881,138936193,138936194
2014-03-26 10:00:30.000,52.6738285,30.9210905,138936193,138936194
2014-03-26 10:30:20.000,52.6747258,30.9229785,138936193,138936194
2014-03-26 11:00:17.000,52.6747421,30.9229498,138936193,138936194
2014-03-26 11:30:20.000,52.6747237,30.9229323,138936193,138936194
2014-03-26 12:00:48.000,52.6740126,30.9213316,138936193,138936194
2014-03-26 12:30:19.000,52.6740108,30.9212676,138936193,138936194
2014-03-26 13:00:20.000,52.6740054,30.9212676,138936193,138936194
2014-03-26 13:30:18.000,52.6737802,30.9207366,138936193,138936194
2014-03-26 14:00:48.000,52.6727997,30.9230395,138936193,138936194
2014-03-26 14:30:28.000,52.6770493,30.9163915,138936193,138936194
2014-03-26 15:00:14.000,52.6778349,30.9154988,138936193,138936194
2014-03-26 15:30:31.000,52.6780495,30.9152673,138936193,138936194
2014-03-26 16:00:11.000,52.6838594,30.9218003,138936193,138936194
2014-03-26 16:30:15.000,52.6865644,30.9241424,138936193,138936194
2014-03-26 17:00:56.000,52.7275115,30.9801508,138936193,138936194
2014-03-26 17:30:22.000,52.7275315,30.9801154,138936193,138936194
2014-03-26 18:00:50.000,52.7275426,30.9800078,138936193,138936194
2014-03-26 18:30:25.000,52.7275499,30.9802768,138936193,138936194
2014-03-26 19:00:13.000,52.7362386,31.0066453,138936193,138936194
2014-03-26 19:30:22.000,52.7362467,31.0068629,138936193,138936194
2014-03-26 20:00:50.000,52.736478,31.0069571,138936193,138936194
2014-03-26 20:30:28.000,52.7364348,31.0069108,138936193,138936194
2014-03-26 21:00:26.000,52.7364929,31.0069483,138936193,138936194
2014-03-26 21:30:11.000,52.7364726,31.0069339,138936193,138936194
2014-03-26 22:00:13.000,52.7365061,31.0068981,138936193,138936194
2014-03-26 22:30:56.000,52.7364658,31.0068898,138936193,138936194
2014-03-26 23:00:18.000,52.7364449,31.0069579,138936193,138936194
2014-03-26 23:30:15.000,52.7364301,31.0069509,138936193,138936194
2014-03-27 00:00:24.000,52.7364418,31.0069517,138936193,138936194
2014-03-27 00:30:30.000,52.736389,31.0069868,138936193,138936194
2014-03-27 01:00:24.000,52.7363941,31.0069568,138936193,138936194
2014-03-27 01:30:28.000,52.7364339,31.0069486,138936193,138936194
2014-03-27 02:00:32.000,52.7364419,31.0069743,138936193,138936194
2014-03-27 02:30:24.000,52.7364847,31.0069784,138936193,138936194
2014-03-27 03:00:15.000,52.7345937,31.0067303,138936193,138936194
2014-03-27 03:30:15.000,52.7196891,30.9919453,138936193,138936194
2014-03-27 04:00:24.000,52.6772579,30.9171859,138936193,138936194
2014-03-27 04:30:25.000,52.6393937,30.930757,138936193,138936194
2014-03-27 05:00:17.000,52.5012862,31.1423284,138936193,138936194
2014-03-27 05:30:41.000,52.3437848,31.3674502,138936193,138936194
2014-03-27 06:00:57.000,52.1471518,31.4887198,138936193,138936194
2014-03-27 06:30:25.000,52.2290796,31.5069497,138936193,138936194
2014-03-27 07:00:19.000,52.237256,31.4998453,138936193,138936194
2014-03-27 07:30:28.000,52.2369767,31.4991863,138936193,138936194
2014-03-27 08:00:25.000,52.2369684,31.5001682,138936193,138936194
2014-03-27 08:30:28.000,52.2368941,31.5002933,138936193,138936194
2014-03-27 09:00:44.000,52.2364312,31.4995296,138936193,138936194
2014-03-27 09:30:15.000,52.236454,31.4996372,138936193,138936194
2014-03-27 10:00:14.000,52.2362996,31.4997012,138936193,138936194
2014-03-27 10:30:19.000,52.2362403,31.4998032,138936193,138936194
2014-03-27 11:00:14.000,52.2359927,31.4995945,138936193,138936194
2014-03-27 11:30:15.000,52.2362197,31.4996987,138936193,138936194
2014-03-27 12:00:44.000,52.2363256,31.4998086,138936193,138936194
2014-03-27 12:30:22.000,52.2363834,31.4996649,138936193,138936194
2014-03-27 13:00:30.000,52.2361833,31.4991607,138936193,138936194
2014-03-27 13:30:15.000,52.235834,31.4991701,138936193,138936194
2014-03-27 14:00:17.000,52.2367514,31.498197,138936193,138936194
2014-03-27 14:30:16.000,52.2366781,31.4982468,138936193,138936194
2014-03-27 15:00:18.000,52.2367485,31.4991255,138936193,138936194
2014-03-27 15:30:24.000,52.2371264,31.4995263,138936193,138936194
2014-03-27 16:00:43.000,52.2368513,31.5014816,138936193,138936194
2014-03-27 16:30:23.000,52.2369965,31.5000573,138936193,138936194
2014-03-27 17:00:25.000,52.2365239,31.4994485,138936193,138936194
2014-03-27 17:30:15.000,52.2363672,31.4987578,138936193,138936194
2014-03-27 18:00:27.000,52.2364113,31.4987937,138936193,138936194
2014-03-27 18:30:53.000,52.2363277,31.4987893,138936193,138936194
2014-03-27 19:00:29.000,52.2363243,31.4987816,138936193,138936194
2014-03-27 19:30:11.000,52.2362725,31.4988088,138936193,138936194
2014-03-27 20:00:56.000,52.2363787,31.498712,138936193,138936194
2014-03-27 20:30:28.000,52.236551,31.4987722,138936193,138936194
2014-03-27 21:00:17.000,52.2365959,31.4988651,138936193,138936194
2014-03-27 21:30:16.000,52.2363452,31.4987959,138936193,138936194
2014-03-27 22:00:12.000,52.2365109,31.4988728,138936193,138936194
2014-03-27 22:30:27.000,52.2365808,31.4986113,138936193,138936194
2014-03-27 23:00:57.000,52.2364641,31.4989304,138936193,138936194
2014-03-27 23:30:16.000,52.2365262,31.4987901,138936193,138936194
2014-03-28 00:00:25.000,52.2365153,31.4988503,138936193,138936194
2014-03-28 00:30:33.000,52.236507,31.4988564,138936193,138936194
2014-03-28 01:00:17.000,52.2364864,31.4988452,138936193,138936194
2014-03-28 01:30:18.000,52.2363758,31.4987702,138936193,138936194
2014-03-28 02:00:25.000,52.2364318,31.4987976,138936193,138936194
2014-03-28 02:30:24.000,52.2364112,31.4987516,138936193,138936194
2014-03-28 03:00:30.000,52.2364118,31.4992402,138936193,138936194
2014-03-28 03:30:40.000,52.2363448,31.498817,138936193,138936194
2014-03-28 04:00:23.000,52.2366772,31.4984666,138936193,138936194
2014-03-28 04:30:25.000,52.2369112,31.4982691,138936193,138936194
2014-03-28 05:00:26.000,52.2371906,31.4979918,138936193,138936194
2014-03-28 05:30:50.000,52.2371044,31.4982526,138936193,138936194
2014-03-28 06:00:31.000,52.2371959,31.4981038,138936193,138936194
2014-03-28 06:30:21.000,52.2369156,31.4981241,138936193,138936194
2014-03-28 07:00:18.000,52.2370277,31.4986831,138936193,138936194
2014-03-28 07:30:16.000,52.2370927,31.4983646,138936193,138936194
2014-03-28 08:00:15.000,52.2369505,31.4987409,138936193,138936194
2014-03-28 08:30:51.000,52.2368888,31.4989423,138936193,138936194
2014-03-28 09:00:24.000,52.2366481,31.4981374,138936193,138936194
2014-03-28 09:30:27.000,52.2366146,31.4985195,138936193,138936194
2014-03-28 10:00:13.000,52.2367555,31.4984175,138936193,138936194
2014-03-28 10:30:21.000,52.2370004,31.4985478,138936193,138936194
2014-03-28 11:00:23.000,52.2370842,31.4983835,138936193,138936194
2014-03-28 11:30:44.000,52.2370766,31.4987139,138936193,138936194
2014-03-28 12:00:24.000,52.2373753,31.4986014,138936193,138936194
2014-03-28 12:30:24.000,52.2374297,31.4982914,138936193,138936194
2014-03-28 13:01:21.000,52.2370316,31.4988508,138936193,138936194
2014-03-28 13:30:30.000,52.2376151,31.4982546,138936193,138936194
2014-03-28 14:00:16.000,52.2378828,31.4976671,138936193,138936194
2014-03-28 14:30:15.000,52.2373146,31.4981017,138936193,138936194
2014-03-28 15:00:25.000,52.2370103,31.4983049,138936193,138936194
2014-03-28 15:30:22.000,52.237086,31.498033,138936193,138936194
2014-03-28 16:00:51.000,52.2372112,31.5005855,138936193,138936194
2014-03-28 16:30:15.000,52.2367132,31.5006818,138936193,138936194
2014-03-28 17:00:56.000,52.2362665,31.4988638,138936193,138936194
2014-03-28 17:30:26.000,52.2363983,31.498677,138936193,138936194
2014-03-28 18:00:52.000,52.2364101,31.4987129,138936193,138936194
2014-03-28 18:30:21.000,52.2363808,31.4987404,138936193,138936194
2014-03-28 19:00:33.000,52.2363478,31.4987587,138936193,138936194
2014-03-28 19:30:22.000,52.2364066,31.4986874,138936193,138936194
2014-03-28 20:00:29.000,52.2363822,31.4986662,138936193,138936194
2014-03-28 20:30:12.000,52.2364058,31.498668,138936193,138936194
2014-03-28 21:00:25.000,52.2364145,31.4986684,138936193,138936194
2014-03-28 21:30:22.000,52.2364469,31.4986721,138936193,138936194
2014-03-28 22:00:44.000,52.2364571,31.4986636,138936193,138936194
2014-03-28 22:30:25.000,52.2366512,31.4989685,138936193,138936194
2014-03-28 23:00:16.000,52.2365827,31.4990337,138936193,138936194
2014-03-28 23:30:29.000,52.2366134,31.4987173,138936193,138936194
2014-03-29 00:00:46.000,52.2366428,31.4988044,138936193,138936194
2014-03-29 00:30:21.000,52.2364115,31.4987224,138936193,138936194
2014-03-29 01:00:30.000,52.2366575,31.4989179,138936193,138936194
2014-03-29 01:30:30.000,52.2366844,31.498881,138936193,138936194
2014-03-29 02:00:18.000,52.2368052,31.4985453,138936193,138936194
2014-03-29 02:30:18.000,52.2368051,31.4985331,138936193,138936194
2014-03-29 03:00:30.000,52.2368484,31.4984327,138936193,138936194
2014-03-29 03:30:22.000,52.2364199,31.4984403,138936193,138936194
2014-03-29 04:00:17.000,52.236555,31.4983327,138936193,138936194
2014-03-29 04:30:38.000,52.236634,31.4985376,138936193,138936194
2014-03-29 05:00:33.000,52.2369989,31.4982386,138936193,138936194
2014-03-29 05:30:19.000,52.2370769,31.4984024,138936193,138936194
2014-03-29 06:00:22.000,52.2371114,31.4983619,138936193,138936194
2014-03-29 06:30:11.000,52.2367822,31.4990921,138936193,138936194
2014-03-29 07:00:13.000,52.2368006,31.4991103,138936193,138936194
2014-03-29 07:30:14.000,52.2369232,31.4988333,138936193,138936194
2014-03-29 08:00:50.000,52.2372017,31.4981701,138936193,138936194
2014-03-29 08:30:22.000,52.2364138,31.498294,138936193,138936194
2014-03-29 09:00:20.000,52.2360052,31.4987839,138936193,138936194
2014-03-29 09:30:18.000,52.2362139,31.4996554,138936193,138936194
2014-03-29 10:00:23.000,52.2363008,31.4996171,138936193,138936194
2014-03-29 10:30:26.000,52.2365638,31.4993653,138936193,138936194
2014-03-29 11:00:30.000,52.2362316,31.4994379,138936193,138936194
2014-03-29 11:30:13.000,52.2363174,31.4995298,138936193,138936194
2014-03-29 12:00:12.000,52.2359651,31.4993757,138936193,138936194
2014-03-29 12:30:11.000,52.2360372,31.4985986,138936193,138936194
2014-03-29 13:00:14.000,52.2366389,31.4981265,138936193,138936194
2014-03-29 13:30:27.000,52.2369887,31.4998607,138936193,138936194
2014-03-29 14:00:56.000,52.2368286,31.5003126,138936193,138936194
2014-03-29 14:30:50.000,52.2368582,31.5005025,138936193,138936194
2014-03-29 15:00:24.000,52.2367509,31.4987361,138936193,138936194
2014-03-29 15:30:47.000,52.2366125,31.5013046,138936193,138936194
2014-03-29 16:00:17.000,52.2365622,31.5007319,138936193,138936194
2014-03-29 16:30:26.000,52.2418605,31.491766,138936193,138936194
2014-03-29 17:00:44.000,52.2423801,31.491427,138936193,138936194
2014-03-29 17:31:11.000,52.3735277,31.5048606,138936193,138936194
2014-03-29 18:00:25.000,52.4993768,31.4571247,138936193,138936194
2014-03-29 18:30:51.000,52.499334,31.457125,138936193,138936194
2014-03-29 19:00:23.000,52.4992835,31.4571886,138936193,138936194
2014-03-29 19:30:28.000,52.4993495,31.4571802,138936193,138936194
2014-03-29 20:00:56.000,52.4992784,31.4570942,138936193,138936194
2014-03-29 20:30:19.000,52.4994047,31.4570772,138936193,138936194
2014-03-29 21:00:26.000,52.4994114,31.4568875,138936193,138936194
2014-03-29 21:30:50.000,52.4993805,31.4570089,138936193,138936194
2014-03-29 22:00:51.000,52.4994269,31.4570555,138936193,138936194
2014-03-29 22:30:48.000,52.4993862,31.4571986,138936193,138936194
2014-03-29 23:00:13.000,52.4994077,31.4571862,138936193,138936194
2014-03-29 23:30:14.000,52.4993975,31.4571838,138936193,138936194
2014-03-30 00:00:21.000,52.4993769,31.4571643,138936193,138936194
2014-03-30 00:30:45.000,52.4994002,31.4573222,138936193,138936194
2014-03-30 01:00:19.000,52.4993625,31.4573117,138936193,138936194
2014-03-30 01:30:30.000,52.4993307,31.4573645,138936193,138936194
2014-03-30 02:00:27.000,52.499426,31.4573122,138936193,138936194
2014-03-30 02:30:22.000,52.4994788,31.4573426,138936193,138936194
2014-03-30 03:00:26.000,52.4994369,31.4572544,138936193,138936194
2014-03-30 03:30:22.000,52.499741,31.4569891,138936193,138936194
2014-03-30 04:00:38.000,52.4892154,31.8228846,138936193,138936194
2014-03-30 04:31:57.000,52.4052648,32.354557,138936193,138936194
2014-03-30 05:00:25.000,52.31446,32.9026918,138936193,138936194
2014-03-30 05:30:49.000,52.1839726,33.4371104,138936193,138936194
2014-03-30 06:01:12.000,52.0030897,34.0262594,138936193,138936194
2014-03-30 06:30:26.000,51.8158013,34.5815913,138936193,138936194
2014-03-30 07:00:36.000,51.6077876,35.1300703,138936193,138936194
2014-03-30 07:30:56.000,51.4473339,35.679075,138936193,138936194
2014-03-30 08:00:45.000,51.4005035,36.2009044,138936193,138936194
2014-03-30 08:30:31.000,51.4495862,36.6622737,138936193,138936194
2014-03-30 09:01:26.000,51.5266137,37.0760754,138936193,138936194
2014-03-30 09:30:29.000,51.5388232,37.3699102,138936193,138936194
2014-03-30 10:01:01.000,51.5394161,37.369985,138936193,138936194
2014-03-30 10:30:12.000,51.5393266,37.3706271,138936193,138936194
2014-03-30 11:00:22.000,51.5395138,37.3714501,138936193,138936194
2014-03-30 11:30:28.000,51.5527887,37.412898,138936193,138936194
2014-03-30 12:00:50.000,51.5376304,37.4421281,138936193,138936194
2014-03-30 12:30:22.000,51.5367536,37.4411752,138936193,138936194
2014-03-30 13:00:14.000,51.5375538,37.4411743,138936193,138936194
2014-03-30 13:30:20.000,51.5373966,37.4399731,138936193,138936194
2014-03-30 14:00:45.000,51.5375489,37.4412442,138936193,138936194
2014-03-30 14:30:18.000,51.537106,37.4416746,138936193,138936194
2014-03-30 15:00:47.000,51.5376348,37.4413743,138936193,138936194
2014-03-30 15:30:19.000,51.5381036,37.4418597,138936193,138936194
2014-03-30 16:00:56.000,51.5383865,37.4421205,138936193,138936194
2014-03-30 16:30:13.000,51.5367883,37.4412899,138936193,138936194
2014-03-30 17:00:53.000,51.5360625,37.4416548,138936193,138936194
2014-03-30 17:30:24.000,51.5346681,37.4423739,138936193,138936194
2014-03-30 18:00:21.000,51.5348066,37.4423108,138936193,138936194
2014-03-30 18:30:20.000,51.5348947,37.4422359,138936193,138936194
2014-03-30 19:00:21.000,51.5348748,37.4421215,138936193,138936194
2014-03-30 19:30:38.000,51.5347464,37.4423466,138936193,138936194
2014-03-30 20:00:29.000,51.599388,37.6082211,138936193,138936194
2014-03-30 20:30:27.000,51.7868378,37.9816538,138936193,138936194
2014-03-30 21:00:15.000,51.9669209,38.338497,138936193,138936194
2014-03-30 21:30:18.000,52.0336719,38.414508,138936193,138936194
2014-03-30 22:01:08.000,52.0336309,38.414586,138936193,138936194
2014-03-30 22:30:14.000,52.0335838,38.4149676,138936193,138936194
2014-03-30 23:00:27.000,52.0335274,38.4149778,138936193,138936194
2014-03-30 23:30:21.000,52.033637,38.4151351,138936193,138936194
2014-03-31 00:00:51.000,52.0335115,38.415025,138936193,138936194
2014-03-31 00:30:28.000,52.0335546,38.4150832,138936193,138936194
2014-03-31 01:00:20.000,52.0335365,38.4150802,138936193,138936194
2014-03-31 01:30:19.000,52.0335405,38.414679,138936193,138936194
2014-03-31 02:00:40.000,52.0336271,38.4146377,138936193,138936194
2014-03-31 02:30:32.000,52.0337327,38.4142075,138936193,138936194
2014-03-31 03:00:11.000,52.0337481,38.4142314,138936193,138936194
2014-03-31 03:30:09.000,52.0337139,38.4141103,138936193,138936194
2014-03-31 04:00:41.000,52.0616682,38.4958837,138936193,138936194
2014-03-31 04:30:26.000,52.1061607,38.5307663,138936193,138936194
2014-03-31 05:00:17.000,52.1062867,38.5309064,138936193,138936194
2014-03-31 05:30:53.000,52.1853982,38.8006094,138936193,138936194
2014-03-31 06:00:33.000,52.2323891,38.9164687,138936193,138936194
2014-03-31 06:30:18.000,52.2323586,38.9164616,138936193,138936194
2014-03-31 07:00:15.000,52.2323012,38.9179323,138936193,138936194
2014-03-31 07:30:29.000,52.2324363,38.9180705,138936193,138936194
2014-03-31 08:00:32.000,52.2324339,38.9181167,138936193,138936194
2014-03-31 08:30:29.000,52.2323926,38.9180983,138936193,138936194
2014-03-31 09:00:44.000,52.2326871,38.918586,138936193,138936194
2014-03-31 09:30:18.000,52.232385,38.9181618,138936193,138936194
2014-03-31 10:00:27.000,52.2323743,38.9181488,138936193,138936194
2014-03-31 10:30:39.000,52.2324241,38.9181945,138936193,138936194
2014-03-31 11:00:30.000,52.2325349,38.9183194,138936193,138936194
2014-03-31 11:30:11.000,52.2325841,38.9183875,138936193,138936194
2014-03-31 12:00:25.000,52.2324689,38.9185099,138936193,138936194
2014-03-31 12:30:35.000,52.2322423,38.9189413,138936193,138936194
2014-03-31 13:00:20.000,52.2326119,38.9184665,138936193,138936194
2014-03-31 13:30:15.000,52.232639,38.9184197,138936193,138936194
2014-03-31 14:00:40.000,52.2324023,38.9182962,138936193,138936194
2014-03-31 14:30:55.000,52.3772987,39.3872162,138936193,138936194
2014-03-31 15:00:21.000,52.3772597,39.3871371,138936193,138936194
2014-03-31 15:30:19.000,52.3773829,39.3871046,138936193,138936194
2014-03-31 16:00:25.000,52.3773806,39.3799067,138936193,138936194
2014-03-31 16:30:44.000,52.3904363,39.4643149,138936193,138936194
2014-03-31 17:01:01.000,52.3904188,39.464342,138936193,138936194
2014-03-31 17:30:21.000,52.3904428,39.4642549,138936193,138936194
2014-03-31 18:00:14.000,52.3904517,39.4643083,138936193,138936194
2014-03-31 18:30:31.000,52.3904194,39.4643673,138936193,138936194
2014-03-31 19:00:50.000,52.3904318,39.4643628,138936193,138936194
2014-03-31 19:30:11.000,52.3903972,39.4643378,138936193,138936194
2014-03-31 20:00:25.000,52.3904442,39.4642775,138936193,138936194
2014-03-31 21:00:19.000,52.3825127,39.4432305,138936193,138936194
2014-03-31 21:30:14.000,52.3825273,39.4433706,138936193,138936194
2014-03-31 22:00:57.000,52.3824374,39.4431038,138936193,138936194
2014-03-31 22:30:29.000,52.3819697,39.4428428,138936193,138936194
2014-03-31 23:00:54.000,52.3823647,39.4430045,138936193,138936194
2014-03-31 23:30:28.000,52.3824401,39.4431072,138936193,138936194
2014-04-01 00:00:15.000,52.3824532,39.4431014,138936193,138936194
2014-04-01 00:30:28.000,52.3824327,39.4431145,138936193,138936194
2014-04-01 01:00:15.000,52.3824077,39.443141,138936193,138936194
2014-04-01 01:30:44.000,52.3824464,39.4431258,138936193,138936194
2014-04-01 02:00:24.000,52.3824457,39.4431227,138936193,138936194
2014-04-01 02:30:38.000,52.3824526,39.4431237,138936193,138936194
2014-04-01 03:00:12.000,52.3825444,39.4428844,138936193,138936194
2014-04-01 04:00:25.000,52.3312314,39.3313448,138936193,138936194
2014-04-01 04:30:45.000,52.3369662,39.3314107,138936193,138936194
2014-04-01 05:00:35.000,52.3369467,39.3312518,138936193,138936194
2014-04-01 05:30:27.000,52.3369723,39.3312167,138936193,138936194
2014-04-01 06:00:20.000,52.3361672,39.3314995,138936193,138936194
2014-04-01 06:31:12.000,52.3315436,39.3247268,138936193,138936194
2014-04-01 07:00:31.000,52.3308988,39.3357217,138936193,138936194
2014-04-01 07:30:35.000,52.326445,39.3580349,138936193,138936194
2014-04-01 08:00:54.000,52.3264005,39.3706821,138936193,138936194
2014-04-01 08:30:25.000,52.3262904,39.3706307,138936193,138936194
2014-04-01 09:31:24.000,52.3263243,39.3707625,138936193,138936194
2014-04-01 10:04:57.000,52.3263257,39.3706622,138936193,138936194
2014-04-01 10:31:36.000,52.3263607,39.3705431,138936193,138936194
2014-04-01 11:01:25.000,52.3263058,39.370203,138936193,138936194
2014-04-01 11:30:57.000,52.3262866,39.3701127,138936193,138936194
2014-04-01 12:01:15.000,52.3262914,39.3704704,138936193,138936194
2014-04-01 13:02:12.000,52.3266088,39.3710351,138936193,138936194
2014-04-01 13:31:22.000,52.3264691,39.3709517,138936193,138936194
2014-04-01 14:01:06.000,52.3263552,39.3705782,138936193,138936194
2014-04-01 14:31:21.000,52.3263549,39.3705804,138936193,138936194
2014-04-01 15:01:16.000,52.3263339,39.3708759,138936193,138936194
2014-04-01 18:00:56.000,52.3253754,39.3722997,138936193,138936194
