timestamp,location-long,location-lat,height,individual_id,Altitude,TotalPoints,Minimum_Distance,Average_Distance,Kp,N,E,C,N_Obs,E_Obs,C_Obs,H,D,I,F
08/09/2014 05:54,68.307333,70.854717,0.0,1,0.0,46,327.95098657272695,665.0083684518988,1.3086956521739135,6949.075220860311,3851.1124053048593,57703.1848336613,6970.4209668429785,3838.4945589834015,57689.934814290296,7944.854509899333,28.994809644343814,82.16052899001377,58247.56006161243
08/09/2014 06:10,67.97505,70.8303,0.406,1,0.406,46,340.03847590469536,667.1460286156025,1.3086956521739135,6985.622919826245,3866.2909085352476,57644.882191727316,7006.455689685551,3854.3364480649225,57631.55216160731,7984.180168772751,28.96294966221918,82.11434349272396,58195.185160505716
08/09/2014 06:26,67.752417,70.761717,0.498,1,0.498,55,348.2233176829787,678.8154090813038,1.1909090909090914,7035.516298542149,3877.3931414518324,57609.77316109497,7053.372260697929,3867.2991552628732,57596.67360088473,8033.222713234704,28.85990952868787,82.06174775717052,58167.161103437465
08/09/2014 06:42,67.561983,70.686517,0.787,1,0.787,55,355.4728994052457,680.0407325743599,1.1909090909090914,7082.942040147082,3886.89307214954,57574.854667366235,7100.195013629413,3877.5011648314953,57561.70432237918,8079.356762664153,28.75657805584218,82.01196594705583,58138.97054185558
08/09/2014 07:14,67.548317,70.68545,0.337,1,0.337,55,355.98043242879993,680.0628023001481,1.1909090909090914,7086.0534550574,3888.4341620762507,57584.74891857506,7102.154615814934,3880.20386258175,57571.538841251175,8082.825854905731,28.755544263048087,82.00993572432647,58149.25091362798
08/09/2014 07:30,67.549433,70.68575,0.026,1,0.026,55,355.93792675827075,680.057576622636,1.1909090909090914,7086.901091618194,3889.365111947575,57593.032344092564,7102.257268613984,3881.5641119866914,57579.86852810593,8084.016826826508,28.75843859934131,82.00990813664939,58157.61947194973
08/09/2014 07:46,67.530983,70.690333,0.026,1,0.026,55,356.59353181200083,679.9910364682842,1.1909090909090914,7087.19179598889,3889.784895566749,57590.16490299124,7101.674141617907,3882.2213319737284,57577.12061061006,8084.473643157695,28.760055478226484,82.00906974581851,58154.84337216149
08/09/2014 08:03,67.506233,70.692683,0.023,1,0.023,55,357.4916718711062,679.9631668807822,1.1909090909090914,7089.11293742929,3890.7690229551586,57586.38967989827,7102.543736138287,3883.24576819814,57573.54876684367,8086.631302935405,28.75961891849384,82.00644738006403,58151.40481703523
08/09/2014 08:34,67.506167,70.692533,0.022,1,0.022,55,357.4948138313347,679.9655899293357,1.1909090909090914,7091.1642084290115,3891.28473915665,57585.900341620225,7102.614569860319,3883.2587680134134,57573.56674675454,8088.677688726266,28.755830406037013,82.0043836409281,58151.20484484491
08/09/2014 08:50,67.506383,70.692583,0.023,1,0.023,55,357.4866383441066,679.9647041872452,1.1909090909090914,7092.022095953987,3891.88468009595,57585.60299752559,7102.5755089436825,3883.2428180488187,57573.571710290475,8089.7183988483275,28.756632462310055,82.00332745417231,58151.05516120316
08/09/2014 09:37,67.501633,70.695017,0.026,1,0.026,55,357.6496173538687,679.9277687033648,1.1909090909090914,7092.924079670027,3894.463841241224,57583.978109018506,7101.883147208376,3883.3489998902687,57572.77367212085,8091.750157456559,28.769570013734814,82.0011222712997,58149.728765236905
08/09/2014 09:54,67.498917,70.69385,0.026,1,0.026,55,357.7549170179811,679.9474953695632,1.1909090909090914,7093.845987373255,3895.361205582278,57583.36446381101,7102.593767818613,3883.5116657995445,57572.38601369599,8092.990165231085,28.771997583289295,81.9998282139085,58149.293656815986
08/09/2014 13:53,67.5058,70.692667,0.0,1,0.0,10,514.4009983078555,759.9462308079402,0.7000000000000001,7102.817736412685,3893.464769001841,57581.9388369624,7102.607209360802,3883.370807302034,57574.088972987396,8099.9436852460385,28.72969293608202,81.99284788417918,58148.8500997899
08/09/2014 14:09,67.505883,70.692667,0.034,1,0.034,10,514.4040202984668,759.9482631340248,0.7000000000000001,7102.86791062859,3893.340589320613,57581.05291708229,7102.565994541615,3883.211427507478,57573.208929030865,8099.927993524925,28.728752071220903,81.99274159804074,58147.9706313137
08/09/2014 14:25,67.506,70.692617,0.034,1,0.034,2,897.3213266769299,987.144175123261,0.7000000000000001,7122.506577780435,3900.939669285149,57578.64986603709,7102.578684357019,3883.2080995038104,57573.22655952879,8120.8023159000795,28.709166746540454,81.97204408678672,58148.50256584104
08/09/2014 14:41,67.505883,70.69275,0.033,1,0.033,2,1074.041816413352,1074.681657052336,1.7000000000000002,7159.2982536816435,3787.787527068795,57597.50663321876,7102.531173939852,3883.2129591592225,57573.234387962555,8099.560842131317,27.882084041644116,81.9953574993949,58164.21284775602
08/09/2014 15:13,67.511617,70.69435,0.036,1,0.036,21,349.41025746536997,693.2519191218794,1.7000000000000004,7094.284157002277,3867.3129337720197,57590.45977408139,7101.40059629152,3882.8871870592975,57573.98160832696,8079.911944323023,28.59616264872455,82.01356083258699,58154.501408043216
08/09/2014 15:29,67.50905,70.69365,0.034,1,0.034,21,349.5294561644008,693.3268363311496,1.7000000000000004,7094.452742120834,3867.5433954647333,57590.14611097928,7101.900382079818,3883.0354893309254,57573.66415681796,8080.170272091344,28.597025317927038,82.01326585003874,58154.226679665604
08/09/2014 15:45,67.51125,70.693467,0.032,1,0.032,21,349.46609434181585,693.2808516345176,1.7000000000000004,7093.994062614653,3867.545424154889,57590.52812440074,7101.8140252251105,3882.9541703955024,57574.04094437536,8079.768521951193,28.598594802376706,82.01371012279323,58154.549168708254
08/09/2014 16:01,67.51,70.69345,0.033,1,0.033,23,349.508090108194,703.9796040666223,1.7000000000000006,7093.2187122572905,3856.1885925505435,57591.56963881572,7101.915479638476,3883.005451614916,57573.831568125286,8073.657297732789,28.530466397229553,82.01981525497376,58154.73184207623
08/09/2014 16:33,67.510767,70.693633,0.034,1,0.034,35,278.57652659410843,703.7981879237021,1.7000000000000004,7099.516369206202,3857.929615318089,57589.57829972295,7101.777031478152,3882.9602602895093,57573.91608951291,8080.021880748541,28.51998352440065,82.01333290418918,58153.64375800794
08/09/2014 16:49,67.5095,70.693583,0.033,1,0.033,49,278.62235244557263,687.667994647382,1.7,7100.21815677545,3852.5885053007833,57587.806035423884,7101.896093219896,3883.0226541291686,57573.75701059431,8078.08987725313,28.484320885889183,82.0149753907495,58151.62027010583
08/09/2014 17:05,67.50975,70.6936,0.033,1,0.033,49,278.613048889559,687.6666613498751,1.7,7099.800675547713,3852.9597362321056,57587.783550808155,7101.86972158658,3883.0109857452994,57573.793511980584,8077.899997000058,28.488047476861812,82.01515758523963,58151.571626708974
08/09/2014 17:38,67.5097,70.693633,0.035,1,0.035,55,278.6135762292588,695.3244102520684,1.7327272727272731,7101.629103378674,3851.6844758010643,57587.45609710001,7101.857219405258,3883.002823408901,57573.733387523374,8078.899010575755,28.473913328813133,82.01413799596857,58151.38613101585
08/09/2014 17:53,67.50965,70.69365,0.017,1,0.017,58,278.61468968968546,703.7127734054276,1.746551724137931,7101.223089858115,3853.173322606469,57587.62753970004,7101.872179440868,3883.0868373440317,57574.19826856207,8079.252070951878,28.484567343454028,82.01381697285598,58151.604962177946
21/09/2014 12:23,49.996717,66.897217,0.019,1,0.019,42,144.32942450840838,691.63547618627,1.2142857142857142,10420.149459305896,3912.747124254749,54686.37842194742,10434.80013942529,3900.6446368082507,54671.35308363486,11130.548270980938,20.58106549683583,78.49549404461315,55807.60781220669
21/09/2014 12:55,49.99755,66.897567,0.03,1,0.03,22,210.44601910271885,692.7761629051699,1.1363636363636365,10416.113323999105,3916.0831892215137,54686.852541896675,10434.57150179514,3900.7045535914795,54671.26282543967,11127.943400435457,20.604451310191394,78.49821173206377,55807.552940999354
21/09/2014 13:11,49.998683,66.8986,0.0,1,0.0,12,420.5822876253071,767.3626689996304,1.0,10411.118799210159,3916.728153451039,54690.322060991566,10434.210543195653,3900.9423474113687,54672.39368912226,11123.495587237996,20.616614350340658,78.5033964871547,55810.06612802285
21/09/2014 13:43,49.997133,66.8983,0.0,1,0.0,12,420.5173322734505,767.3253378743784,1.0,10411.332554042345,3916.840934277115,54690.07058021817,10434.380398769401,3900.824520464651,54672.190324038325,11123.735364314036,20.61677037836681,78.5031038078862,55809.8674834884
21/09/2014 14:00,49.997383,66.8976,0.0,1,0.0,12,420.53405584141035,767.3507189204283,1.0,10411.668319601786,3916.8821686698147,54689.83562332289,10434.697460055555,3900.763241503458,54671.97625996409,11124.064145834607,20.61636021063765,78.50272496682825,55809.702773144396
21/09/2014 14:17,49.997467,66.897517,0.0,1,0.0,2,1101.9507697735892,1105.3200166957522,1.0,10421.155695555119,3903.1091603845293,54692.13566912965,10434.733931884357,3900.758982509475,54671.954531190684,11128.106179798902,20.5327880137932,78.49912942236784,55812.76244013875
21/09/2014 14:31,50.00525,66.895483,0.044,1,0.044,14,787.514296101213,914.6112343379324,1.6999999999999997,10427.04746106531,3899.2974414743617,54681.144439933785,10435.306724009828,3900.8788815110665,54670.759455099236,11132.288142713383,20.503780257451474,78.49267169524136,55802.82606242535
21/09/2014 15:03,50.0408,66.890583,0.0,1,0.0,14,786.3367776075619,913.5343421553733,1.6999999999999997,10428.726482312539,3900.839387804415,54682.940843479846,10437.010632928186,3902.4701211423408,54672.557142977945,11134.400925614866,20.508185879842813,78.49091401862137,55805.007869042085
21/09/2014 15:19,50.047867,66.890167,0.0,1,0.0,14,786.0765884418965,913.2979966454303,1.6999999999999997,10428.753198451459,3901.1774619678745,54683.27375857967,10437.050375398645,3902.8358728332187,54672.89041662297,11134.544394090744,20.50976711244313,78.49083787857741,55805.3627156006
21/09/2014 15:35,50.0476,66.89015,0.0,1,0.0,14,786.0879541355215,913.3082353321471,1.6999999999999997,10428.753016946284,3901.1306348866297,54683.24992695871,10437.06384142259,3902.8185617906242,54672.86687169715,11134.527817510592,20.50954175199904,78.49084967368152,55805.33605573169
21/09/2014 16:07,50.0478,66.890183,0.0,1,0.0,45,159.5999612667144,749.9260355002896,1.7000000000000004,10426.68821626336,3898.9418604482075,54683.52424993778,10437.04449290994,3902.8336595024443,54672.891295527865,11131.827109253922,20.502713679543216,78.49362296770495,55805.0660709568
21/09/2014 16:23,49.961467,66.980783,0.0,1,0.0,45,159.39796253475555,749.3869772762157,1.7000000000000004,10385.956429861604,3904.1353886170195,54707.22260930799,10396.314042094224,3908.0768441745486,54696.58351081678,11095.510988486982,20.601503351303524,78.53500153885415,55821.05847903652
22/09/2014 05:52,49.847017,66.960383,0.0,1,0.0,41,138.51738384600444,677.6099156208106,1.9195121951219514,10373.003098122079,3909.1053035921327,54699.48057449018,10408.011342230891,3900.2020474773803,54681.674617866214,11085.138589490994,20.64910674245044,78.54385752493982,55811.40987887021
22/09/2014 06:08,49.846967,66.96045,0.0,1,0.0,54,138.52450832256878,742.5712313717843,1.866666666666667,10371.159446244403,3909.9463291981892,54699.769305424656,10407.980238618971,3900.2074657252156,54681.6918150769,11083.710053796738,20.65653589250288,78.54535370891547,55811.40914385975
22/09/2014 06:24,49.84695,66.960367,0.0,1,0.0,54,138.51787739199665,742.5725386095511,1.866666666666667,10371.848772258914,3909.3481226897184,54699.75126156753,10408.020146116793,3900.1971016079915,54681.66469226313,11084.144067043986,20.652385470329193,78.54491334893753,55811.477652686684
22/09/2014 06:40,49.84735,66.960383,0.0,1,0.0,54,138.50812556615494,742.5727479949102,1.866666666666667,10372.602765450243,3908.6536299845598,54699.80093064496,10408.005536039685,3900.217456122246,54681.69916349045,11084.60469881617,20.64765177474393,78.54446001393265,55811.61781548
22/09/2014 07:13,49.84685,66.9604,0.0,1,0.0,54,138.52348215785352,742.5718947426953,1.866666666666667,10374.711415979908,3906.574660501623,54699.8266436752,10408.006140614534,3900.1962837050846,54681.667606474315,11085.84514337708,20.63375411032217,78.5432171995652,55811.889390980636
22/09/2014 08:02,49.71275,67.096717,0.0,1,0.0,53,140.15488164212528,732.8557157976893,1.8698113207547171,10314.168049006425,3912.4111005969708,54729.77574584903,10343.29208474227,3910.8539969263084,54711.3372507584,11031.274775075608,20.772936807307158,78.60420887452884,55830.43414083526
30/09/2014 06:35,47.120217,66.684717,0.006,1,0.006,57,259.56581778692794,756.697999372988,2.4929824561403513,10585.498200081123,3848.3132085647576,54369.07477065371,10613.443821326888,3837.716431382991,54346.661529942576,11263.315972445002,19.978522508617395,78.29593599164743,55523.49573029483
30/09/2014 06:51,46.696433,66.529533,0.0,1,0.0,58,243.32836598444908,766.0957385946787,2.489655172413794,10677.990382463891,3828.9039914910186,54290.581907400556,10704.107910376037,3818.917572772658,54268.46267932785,11343.72004168153,19.72677168779082,78.19815295366828,55463.026136591354
30/09/2014 07:07,46.267167,66.378733,0.0,1,0.0,57,228.16031472962362,762.5773795989811,2.4929824561403513,10769.740952176951,3807.4756403163733,54218.402740069134,10793.81141120541,3798.216684592866,54196.56708979234,11422.967693581204,19.470261648838076,78.10267308794221,55408.658047393066
30/09/2014 07:23,45.813017,66.230733,0.0,1,0.0,57,213.51460938520185,765.545996901527,2.4929824561403513,10866.582198643815,3787.0854311606267,54152.337657049786,10887.323011404922,3779.0947863421497,54130.89177792155,11507.589875503545,19.21382926890435,78.00287987835074,55361.541691556275
30/09/2014 08:04,44.65975,65.7706,0.0,1,0.0,55,192.29822298173266,761.1536837278006,2.481818181818183,11209.945576188458,3783.8221541910216,53977.231038987404,11222.505458041396,3778.6071468191094,53957.216117382115,11831.322407729998,18.651674774692616,77.63680222767537,55258.67950423607
30/09/2014 08:46,43.495867,65.28735,0.0,1,0.0,55,128.62901141389958,771.2898474339091,2.500000000000001,11612.333599274307,3813.8710793489095,53631.650492772504,11616.802027886652,3812.4421562496336,53613.70966805411,12222.598096588506,18.18187581087814,77.1616196288894,55006.77993492833
30/09/2014 10:10,41.3145,64.12995,0.0,1,0.0,53,89.48795450841175,778.5258895086046,2.545283018867926,12243.502616848908,3585.4486923750624,52927.28508550701,12244.988403504267,3584.0985515321963,52910.89676927117,12757.695663968478,16.322406175444137,76.4478324941308,54443.147458398955
30/09/2014 10:26,40.957017,63.896433,0.0,1,0.0,52,98.65563910442529,775.2867484825521,2.550000000000001,12393.775301885957,3591.41499074926,52826.58686349506,12395.529575068871,3589.537369271003,52810.43573352737,12903.640101514644,16.16030415157757,76.27348102294319,54379.704003569255
30/09/2014 11:04,40.313267,63.317133,0.0,1,0.0,51,36.667320165269935,774.5202774847554,2.5745098039215693,12715.271907123082,3625.3875378133616,52476.233775278626,12718.011053375556,3622.9460326894673,52460.42388876054,13222.010984392877,15.913949101953897,75.8580097458471,54116.3255008052
30/09/2014 11:21,40.012267,63.049433,0.0,1,0.0,35,31.571345689287504,681.81406997707,2.7,12822.438586375252,3604.1720728200094,52288.03615491805,12820.137567808682,3602.57465593067,52273.9655761839,13319.34636653994,15.699781074787355,75.70895909232085,53957.79566077434
30/09/2014 11:53,39.520267,62.54775,0.0,1,0.0,35,77.3919612518418,678.4003949766177,2.7,12966.935018413276,3505.0761045134436,52045.78546783415,12965.162189335619,3503.270592890104,52032.20418525137,13432.31038467261,15.126062377218027,75.52852933257074,53751.192984286405
30/09/2014 12:09,39.2864,62.327483,0.0,1,0.0,35,103.42106975531651,676.8113559397235,2.7,13046.42238557853,3450.341752759615,51986.30973508062,13044.938985336381,3448.356660374249,51972.81633410832,13494.96184780679,14.813662080930165,75.44795945465145,53709.31385845009
30/09/2014 16:27,35.165983,59.422467,0.0,1,0.0,22,32.554067694543804,587.3380111892421,2.2999999999999994,14687.967435648045,3033.1904728752856,50719.41138981582,14679.680925235438,3041.3695621550423,50714.15150057515,14997.887579102558,11.668047789951743,73.52688787914478,52890.40861597476
30/09/2014 16:59,34.7592,58.98025,0.0,1,0.0,22,45.662686405821695,589.3977309421117,2.2999999999999994,14934.751243503133,2990.945350284001,50524.32761336708,14927.590230771108,2996.8751602817215,50519.10360756285,15231.301611934021,11.324669056391938,73.22379461768743,52770.25894930355
30/09/2014 17:15,34.471817,58.817917,0.0,1,0.0,22,63.16969428518948,592.4862690411348,2.2999999999999994,15022.117606725886,2968.3047688264433,50432.557923935456,15015.52671556034,2973.0727773462418,50427.34317669043,15312.571651781476,11.177409565719108,73.11041279763958,52705.95553959767
30/09/2014 17:47,34.4483,58.827933,0.0,1,0.0,22,62.231064413335815,592.6012647638589,2.2999999999999994,15016.229428309603,2970.1952283093865,50433.74371211492,15010.549620788124,2972.7666734272343,50428.62517705444,15307.161916498539,11.188623839897419,73.11641452604805,52705.51878842665
30/09/2014 18:04,34.448467,58.826017,0.0,1,0.0,22,62.44094852813251,592.6144668697611,2.2999999999999994,15016.629258035042,2971.406066939036,50433.007646169026,15011.542538170057,2972.6424164881946,50427.92960574033,15307.789137818569,11.19277938425905,73.11552966706098,52704.996618218844
30/09/2014 18:20,34.435233,58.81985,0.0,1,0.0,29,63.22641847670769,696.1294089363133,2.3,15020.74838399427,2973.3823966264304,50427.55672936559,15014.858725182827,2971.6688311031253,50424.253052315245,15312.213585626163,11.197041980471456,73.10920562381358,52701.06604790096
30/09/2014 18:35,34.201167,58.72725,0.0,1,0.0,30,76.27939612609022,712.9569807716999,2.2999999999999994,15069.79548222304,2959.332997063068,50369.71848498112,15064.876023735356,2956.5071171450004,50366.099861007126,15357.61660100734,11.110092109842107,73.04365127653953,52658.9491721947
30/09/2014 19:08,33.569233,58.4055,0.0,1,0.0,31,123.63743334117565,729.4334254570941,2.2999999999999994,15241.20627787518,2932.9618705294524,50188.09297532369,15238.387039733112,2927.795055574151,50183.8101813954,15520.845148983397,10.892634681425795,72.81559157987711,52533.240054640235
30/09/2014 19:24,33.2367,58.241183,0.0,1,0.0,34,126.0523618990681,772.2083414300216,2.3000000000000003,15330.960203636196,2929.5318314428973,50085.692826617946,15329.051727832228,2923.280821664653,50081.16451390142,15608.347046273477,10.818010223481789,72.69125043902159,52461.3869759392
30/09/2014 19:40,33.01435,58.041567,0.0,1,0.0,35,123.39452338690515,785.8760007113618,2.3,15433.268636449062,2925.816127459751,49975.2116846869,15432.343339290772,2918.9283632717793,49970.19570964661,15708.156505984585,10.73465731178178,72.5510780504619,52385.76107823358
30/09/2014 19:56,32.698767,57.91315,0.0,1,0.0,34,134.0576470274216,773.0547048199958,2.3000000000000003,15499.179119463566,2922.287350926084,49866.88490101629,15499.06438672208,2914.4942785311673,49861.61694692304,15772.264160183153,10.677465748523101,72.44849663398504,52301.72584599675
30/09/2014 20:12,32.47035,57.709567,0.003,1,0.003,34,141.1351726079658,774.1919849527649,2.3000000000000003,15591.230585575851,2905.367182056449,49735.73833791119,15591.077434042922,2897.6559512630156,49730.48443534111,15859.62261956969,10.555781418990206,72.31367243069546,52203.17325270884
30/09/2014 20:28,32.223617,57.567683,0.002,1,0.002,34,153.96504723337688,774.8184328916,2.3000000000000003,15646.383980312421,2885.4292229051994,49623.5535632772,15645.797507344438,2876.6511214037837,49618.928508049125,15910.217894792406,10.448810596253274,72.22320038004699,52111.727103476565
01/10/2014 00:29,31.97095,57.454033,0.0,1,0.0,13,817.8223973468855,1036.2789250982942,2.3000000000000003,15699.461350577198,2875.8456165277375,49504.91871354217,15680.576281308933,2851.822061365037,49519.28601533855,15960.68841586631,10.380422484835044,72.13036132026673,52014.23412435087
01/10/2014 00:44,31.97125,57.453767,0.0,1,0.0,13,817.8438648422385,1036.2986307362703,2.3000000000000003,15699.609627881766,2875.7916244055505,49504.89646606535,15680.685695010057,2851.7941232245616,49519.25597268813,15960.82453806441,10.380135929211509,72.13021109008517,52014.25471974705
01/10/2014 01:00,31.971667,57.453667,0.037,1,0.037,13,817.8700005408103,1036.3221089338897,2.3000000000000003,15699.489049147714,2875.614900679094,49504.15034085285,15680.527075073021,2851.6425195859415,49518.501222031744,15960.674091695395,10.379589898316121,72.130116616427,52013.49842522687
01/10/2014 02:42,31.894067,57.427383,0.038,1,0.038,0,,,,15677.178058429161,2845.564302035173,49502.4085139964,15686.795013123652,2844.0986045354302,49491.74067931185,15933.33449321609,10.287752048491917,72.15819643843459,52003.457546198726
01/10/2014 02:59,31.6692,57.321483,0.128,1,0.128,0,,,,15702.8739173778,2815.9975852294992,49416.11337516903,15712.503435229773,2814.5220744069534,49405.45872354452,15953.372422941877,10.166790215648819,72.10797694847129,51927.4720429624
01/10/2014 03:14,31.446667,57.195767,0.135,1,0.135,0,,,,15732.914649021674,2780.80373049509,49335.00499446219,15742.559918727948,2779.3185917846563,49324.366625275026,15976.779172941466,10.023543756834226,72.05583462041994,51857.49888439034
01/10/2014 05:05,29.6966,56.703217,0.131,1,0.131,29,556.0942616222878,874.980337751342,2.700000000000001,15965.49504427904,2556.006736303542,48982.329107125945,15957.641844511554,2555.0486591364956,48973.3612655413,16168.803370841259,9.09562189084265,71.732221211868,51581.961645557116
01/10/2014 06:19,28.411983,56.252417,0.127,1,0.127,45,636.5772171991118,924.158835377576,2.54,16345.08027540526,2419.2975056280925,48731.09193018616,16339.373786115668,2419.5593443128587,48723.38102072134,16523.154953887602,8.419436825425912,71.26984555243047,51456.13637204444
01/10/2014 06:35,28.150767,56.085417,0.132,1,0.132,54,571.1370880031961,900.6314957128105,2.492592592592593,16452.582876991113,2394.63348847889,48645.06452684406,16450.13526884136,2394.36529082479,48637.70049241128,16625.9361501362,8.281112347015176,71.13057049707515,51407.820958383636
01/10/2014 07:23,27.264867,55.628233,0.132,1,0.132,55,520.9323876446957,913.2211443182565,2.4818181818181824,16730.612365535908,2270.1331141273654,48418.2512349267,16729.038114539962,2269.916162365957,48411.47806878693,16883.92414344724,7.727123812707368,70.77583020947938,51277.61643378289
01/10/2014 07:40,26.967033,55.513917,0.132,1,0.132,54,504.37723363221113,908.5563252899168,2.477777777777778,16799.63102393875,2235.424993839861,48371.86425798071,16798.601707687852,2235.227505322056,48365.30201605263,16947.70566901518,7.579477003794213,70.69143339283353,51254.87273651239
01/10/2014 07:56,26.7034,55.396383,0.131,1,0.131,55,490.37551088776684,916.0923725903265,2.474545454545455,16872.71734640909,2212.473419531296,48326.81930113414,16872.231217158864,2212.229088640912,48320.463924193646,17017.156909541227,7.47041755878117,70.60147952321984,51235.38906896695
01/10/2014 11:42,22.913617,53.9293,0.129,1,0.129,46,266.28677298528766,853.7035767946996,2.404347826086956,17798.262189846417,1871.9448367176958,47363.6725702319,17805.685288995064,1870.819165101355,47359.90649642271,17896.43300912868,6.004050343181944,69.30085474161649,50632.00365174549
01/10/2014 12:13,22.3477,53.7951,0.131,1,0.131,47,231.62624227028033,857.3980084550336,2.402127659574468,17904.939929682532,1852.2106047106852,47247.22754631995,17911.912638298774,1850.8815018826242,47243.49977587347,18000.48771588544,5.90606335259062,69.1439070092521,50560.04419325083
01/10/2014 12:29,22.068817,53.726433,0.129,1,0.129,35,215.18157453828454,744.1134358491987,2.3,17946.05016197151,1841.4252340259802,47177.87903479509,17954.67997073872,1839.8016065334464,47174.493822987744,18040.276142800732,5.8585559838197145,69.07372315521442,50509.44301346298
01/10/2014 13:02,21.5195,53.613633,0.0,1,0.0,36,183.71325689539387,741.0416743704924,2.3,17995.778617954624,1806.4182645556534,47055.83448148944,18004.048030543567,1804.5074329482234,47052.521451972985,18086.215607831095,5.732155479272313,68.97541187511963,50411.93066886334
01/10/2014 13:18,21.238517,53.58,0.142,1,0.142,36,167.5940541102075,732.0992760206678,2.3,17999.368813048368,1782.0156258261711,47009.158268451494,18007.524950762934,1780.059255102458,47005.832731402385,18087.36734184461,5.654105281939274,68.95514001027422,50368.778210982535
01/10/2014 13:34,20.9742,53.522383,0.137,1,0.137,36,154.21457716207865,724.125081521423,2.3,18012.98177725837,1752.1490841800473,46958.64324578034,18021.04130597352,1750.141470923067,46955.317382857684,18097.99820203978,5.555765871147944,68.9231916709952,50325.4579155074
01/10/2014 13:50,20.6822,53.4866,0.136,1,0.136,34,139.11881808964773,687.6350910556167,2.3000000000000003,18016.752714313396,1719.2105457064517,46928.09677658488,18024.87820976673,1717.6575577534313,46924.534377174146,18098.59285329076,5.4508244249145985,68.91004597666883,50297.17020212672
01/10/2014 14:22,20.148067,53.3814,0.0,1,0.0,12,118.01932524355401,643.3137207501171,2.3000000000000003,18053.51253282551,1665.141951385813,46881.00185444973,18069.601336638338,1660.5692418637852,46877.96397498199,18130.140994795176,5.26969133213703,68.8571767492487,50264.60332448742
01/10/2014 14:38,19.858717,53.353933,0.134,1,0.134,0,,,,18080.38433204641,1642.8938363354714,46878.19339912105,18090.362518875037,1640.936377739677,46867.98806541073,18154.872562262135,5.191985342565597,68.82973210460649,50270.910217713135
01/10/2014 14:54,19.568867,53.324533,0.149,1,0.149,0,,,,18112.734976211363,1632.31627238786,46868.50647313212,18122.710283046934,1630.3477415513332,46858.30115017118,18186.138257793285,5.149574054265614,68.79251675059832,50273.178970039284
01/10/2014 15:26,18.964567,53.259633,0.145,1,0.145,0,,,,18208.79509112453,1639.4837888311095,46817.45104751729,18218.764821388304,1637.4923445467728,46807.24630302588,18282.454041085428,5.144925221440982,68.66910056797603,50260.539674291984
01/10/2014 15:42,18.66485,53.268217,0.145,1,0.145,0,,,,18235.531471422084,1645.1601867401519,46788.970443608305,18245.492229766052,1643.1573004607662,46778.75929330826,18309.592023998244,5.1551139468115865,68.62845972213658,50243.89430824517
01/10/2014 19:42,16.177583,53.797867,0.143,1,0.143,39,147.54017506075408,738.9452663503802,2.0,18147.797912332022,1459.278164809482,46698.24461777782,18154.433501354404,1457.1737360839404,46688.88924412745,18206.374208752608,4.597305463661735,68.70054376633644,50121.832690065785
01/10/2014 19:57,16.178717,53.798633,0.136,1,0.136,39,147.51407201299457,738.9168419780459,2.0,18147.273908284948,1459.6322701619224,46699.36417559855,18154.14177760065,1457.3570794823197,46689.852712413674,18205.880277163687,4.598548462540335,68.70153468798875,50122.69636673186
01/10/2014 20:13,16.179067,53.798667,0.135,1,0.135,39,147.4955101516365,738.9096051613502,2.0,18146.982556892573,1459.9021590379546,46699.661632771444,18154.14037658068,1457.3983852127005,46689.95813798662,18205.61150398764,4.599468622278029,68.70194444645965,50122.87588366685
01/10/2014 20:30,16.17915,53.79885,0.133,1,0.133,39,147.50020271307375,738.9065638287885,2.0,18146.555758221934,1460.2328215399236,46700.101233149144,18154.071153381927,1457.4233357545213,46690.16533807821,18205.21259912556,4.600613651109977,68.7025518128906,50123.1405736486
01/10/2014 21:02,16.17895,53.79835,0.134,1,0.134,39,147.48583299878678,738.9143404281682,2.0,18146.24368625352,1460.6629999957117,46700.00242121234,18154.306484169843,1457.3697973561716,46689.69898906158,18204.93604274545,4.602041954768397,68.70280533085402,50122.94806235653
01/10/2014 21:18,16.178817,53.79835,0.146,1,0.146,39,147.4935588676986,738.9169925675092,2.0,18146.454443697785,1460.1746364474477,46699.587352627335,18154.181289410437,1457.3240321986484,46689.421133436925,18205.10694410015,4.600456694567486,68.70245098258228,50122.623412505
01/10/2014 21:34,16.1792,53.798467,0.124,1,0.124,39,147.477390710446,738.9084687044767,2.0,18147.506610733733,1459.199122366652,46699.80905624116,18154.35474476373,1457.4295152555933,46690.04943459735,18206.077509044615,4.597130991057849,68.70150934685408,50123.18250225861
01/10/2014 21:50,16.178483,53.798617,0.117,1,0.117,39,147.52683251298654,738.9216296444301,2.0,18148.488034295166,1457.9396907772475,46699.50784433387,18154.34130898347,1457.3820678985217,46690.208393500776,18206.954881937243,4.5929328776552705,68.70044985772572,50123.22055670305
01/10/2014 22:22,16.179033,53.798367,0.118,1,0.118,39,147.48189490974133,738.9125565251921,2.0,18149.969267127406,1456.4028530834494,46698.70188705525,18154.46356466729,1457.421969873389,46690.068430774736,18208.308369207145,4.587739233755299,68.69867370759013,50122.96132117691
01/10/2014 22:38,16.178983,53.797933,0.119,1,0.119,39,147.46225669333992,738.9168438972273,2.0,18150.505901352408,1456.0493161351847,46698.11549165802,18154.66822167696,1457.3880401091837,46689.68055309499,18208.81501048452,4.586495298738883,68.69789061769816,50122.59904033586
01/10/2014 23:10,16.178733,53.798333,0.118,1,0.118,39,147.4975552995323,738.91879650552,2.0,18150.62775192586,1455.8809330705064,46698.171419126455,18154.47596491983,1457.388528247519,46689.99238378269,18208.923007148427,4.585936505929456,68.69779882538987,50122.69038040933
01/10/2014 23:26,16.17865,53.798483,0.126,1,0.126,39,147.51016951998326,738.9193147672858,2.0,18150.545371359985,1455.8801493377507,46698.02122569111,18154.31801731183,1457.3676115427288,46689.931950798506,18208.840827659325,4.585954773318354,68.69782397555024,50122.52059386211
01/10/2014 23:42,16.179417,53.7984,0.129,1,0.129,39,147.46130456632952,738.9046497515517,2.0,18150.618874371627,1455.9939482341324,46697.93625890211,18154.33995176211,1457.4349358720306,46689.921864853444,18208.923194411855,4.586293211806175,68.69770096883265,50122.4713550766
01/10/2014 23:58,16.179233,53.798633,0.107,1,0.107,39,147.48410147711596,738.906552839188,2.0,18150.763623832856,1456.1060219971607,46698.50607134014,18154.44728342915,1457.4880467005237,46690.55538817532,18209.07644213595,4.586608309495243,68.69777438919752,50123.05790921522
02/10/2014 03:42,16.179567,53.795533,0.108,1,0.108,0,,,,18146.07722019095,1459.5017491154317,46698.44835347598,18155.980701882556,1457.4561064881839,46688.123945255786,18204.67697699698,4.598440956664013,68.70243601409312,50121.406030348626
02/10/2014 04:14,16.161283,53.889767,0.109,1,0.109,0,,,,18097.017271214747,1463.054049828936,46773.39647827102,18106.9058995279,1461.0073302755084,46763.05656069583,18156.061281769395,4.622027231815642,68.78524751649813,50173.63031893249
02/10/2014 05:02,15.977883,54.208517,0.913,1,0.913,0,,,,17892.633995606186,1463.1885487030258,46974.27069018237,17902.468767194347,1461.1335488974025,46963.87679664269,17952.36118257924,4.675018707464492,69.08442637557688,50287.86512573689
02/10/2014 05:18,15.791683,54.210117,0.823,1,0.823,0,,,,17890.78947907607,1452.4627293214717,46939.751656066284,17900.61901402969,1450.4005405722141,46929.35440218885,17949.651700372542,4.641375377474621,69.07326235095198,50254.65432870735
02/10/2014 05:35,15.640317,54.180867,0.01,1,0.01,21,393.4493731415009,742.0323139462902,1.3000000000000003,17919.449766798072,1438.3426168845842,46899.83988679966,17923.889678746044,1439.7435628671058,46895.705686584115,17977.082895407304,4.58912843209366,69.02777311246055,50227.188761026526
02/10/2014 05:51,15.50235,54.15075,0.005,1,0.005,21,402.9747953393723,748.076006848755,1.3000000000000003,17933.707106386224,1423.3451987676892,46849.985976045835,17938.15485084987,1424.7517902524748,46845.86687318009,17990.101782160735,4.5378839805311015,68.99352267192296,50185.30609738466
02/10/2014 06:22,15.502,54.1506,0.009,1,0.009,32,398.3383881680859,743.7153442044984,1.3,17933.024176333704,1424.850467409721,46849.145008212356,17938.196453886572,1424.6901941878111,46845.59944792449,17989.540154307637,4.54283524658804,68.99377708683149,50184.31969215041
02/10/2014 06:38,15.500733,54.145917,0.0,1,0.0,32,398.48590810310463,743.8026377885744,1.3,17935.896582854122,1424.2691931713173,46845.79214348005,17941.071342361724,1424.1390680164122,46842.24965805683,17992.357515496824,4.540265537041605,68.98940185547029,50182.1997377117
02/10/2014 07:26,15.500717,54.146,0.0,1,0.0,45,398.48577297899834,858.9045162807464,1.2999999999999996,17935.625544469487,1422.3080539248544,46845.25786656769,17941.020480128616,1424.1457179383121,46842.304787487,17991.932188391715,4.534108160775901,68.98963647647788,50181.54848604125
02/10/2014 07:43,15.499767,54.14575,0.0,1,0.0,45,398.55068899170107,858.9200351334756,1.2999999999999996,17935.74036639684,1422.2387789917614,46844.91691996672,17941.135932374007,1424.029695290239,46841.93478010311,17992.04117478795,4.533859339011359,68.98938073869515,50181.269283208145
02/10/2014 11:43,15.23695,54.089233,0.0,1,0.0,51,416.3702982058907,899.9466999631773,1.3,17955.548834759655,1387.2127985575476,46753.08613723077,17962.174727685033,1389.5710476017612,46750.981267362666,18009.055869365297,4.417791201350201,68.93356374346368,50101.668202378656
02/10/2014 11:59,15.236767,54.089383,0.003,1,0.003,51,416.3797846981012,899.9450679693767,1.3,17955.35434830979,1386.925142238991,46753.02219871611,17962.055495717137,1389.557945138341,46750.980586149715,18008.839805038577,4.416926394106728,68.93376803589497,50101.53087318973
02/10/2014 12:15,15.23685,54.0893,0.005,1,0.005,51,416.37571495981376,899.946055348689,1.3,17955.314594701274,1386.6634235815136,46752.88325346108,17962.088389172775,1389.5515019407094,46750.897923618184,18008.780015453336,4.416105937419216,68.93377472609652,50101.379723084996
02/10/2014 12:31,15.2369,54.089283,0.381,1,0.381,51,416.3727497250511,899.94610511068,1.3,17951.957479633224,1385.2535591667654,46744.66299501785,17958.79937423184,1388.3719743215845,46742.72673383727,18005.324345141453,4.412455419594607,68.93408351456326,50092.46673195017
02/10/2014 13:04,15.23685,54.089267,0.928,1,0.928,51,416.3762286299191,899.9466004236457,1.3,17947.05009663617,1383.1426987173975,46732.68319947712,17954.012505523737,1386.6504918073322,46730.825711668265,18000.26918954779,4.406958128812107,68.93455404537723,50079.47054351588
02/10/2014 13:20,15.23675,54.089433,0.337,1,0.337,45,416.38010474558536,901.3758704558485,1.2999999999999996,17951.61209265785,1384.232765169062,46745.949801870745,17959.094330023174,1388.5103410704803,46743.753386756835,18004.901473582886,4.409301204269401,68.93506389347102,50093.51554794739
02/10/2014 13:36,15.236067,54.090017,0.267,1,0.267,30,416.4151420756754,997.9257060587878,1.2999999999999996,17950.916403599946,1383.6696443631556,46746.07790265119,17959.348894905317,1388.7192832146811,46745.53069638652,18004.16455750629,4.407684662930705,68.93590309996247,50093.37022695218
02/10/2014 13:52,15.236983,54.0893,0.357,1,0.357,30,416.36712356062566,997.9618807595289,1.2999999999999996,17950.53351027488,1383.257385198974,46743.805897449114,17959.004611139688,1388.459170404567,46743.27528599655,18003.751117397976,4.40647020257931,68.93541036867921,50091.1014460214
02/10/2014 14:24,15.237417,54.08935,0.14,1,0.14,19,1017.4378752764922,1143.576703287992,1.3,17951.54005570299,1377.9029264866786,46747.69776428782,17960.903332095284,1389.1988798435636,46748.10645415933,18004.344110417616,4.389234807040719,68.93637734518656,50094.946382919
02/10/2014 14:41,15.2369,54.0892,0.315,1,0.315,19,1017.4099410566879,1143.5508444465868,1.3,17950.051346705615,1377.282961898369,46743.70225848413,17959.424681121433,1388.5695302146578,46744.105526383464,18002.812327703235,4.387630098235199,68.93636982964125,50090.6673197345
02/10/2014 14:57,15.237067,54.08925,0.132,1,0.132,6,1126.8893374920112,1176.0601600937941,1.3,17946.849745434047,1382.101799546729,46748.43417903982,17961.011670192805,1389.1709122206257,46748.14673416928,17999.98947692738,4.403703641742995,68.9413279388627,50094.06870440366
02/10/2014 15:29,15.2368,54.088833,0.136,1,0.136,6,1126.8900855924257,1176.0564274116114,1.3,17947.037398240132,1382.0117366972058,46748.02200042381,17961.195410954264,1389.0771348673184,46747.73172400103,18000.169660705946,4.403371948141658,68.94096621508068,50093.748799289395
02/10/2014 15:45,15.23725,54.0902,0.133,1,0.133,6,1126.861816419658,1176.043242204916,1.3,17946.326528034242,1382.2386806829525,46749.082768948494,17960.48255459596,1389.3024788346327,46748.790916910286,17999.478315251297,4.40426595718531,68.94214009174904,50094.49030940627
02/10/2014 19:45,15.111483,54.13065,0.133,1,0.133,57,576.5635364593595,947.9552133028274,1.9315789473684215,17923.04969340937,1381.336177255995,46762.18997813913,17931.724285148208,1378.6754814101744,46750.64026403412,17976.200931982767,4.4070952257243885,68.97236995846191,50098.36535755028
02/10/2014 20:01,15.111733,54.13135,0.13,1,0.13,57,576.5289881401034,947.9430990420477,1.9315789473684215,17922.728887476405,1381.5032905002377,46762.75556800875,17931.37050089025,1378.796662074902,46751.20025627395,17975.89391701131,4.407704875605004,68.97292979410201,50098.783123235415
02/10/2014 20:17,15.11105,54.13265,0.133,1,0.133,57,576.5374304506429,947.9225920232508,1.9315789473684215,17921.98579258028,1381.6131541461355,46763.383677123966,17930.58550456331,1378.8486190230901,46751.82896187064,17975.161464008022,4.408236065240251,68.97396942900002,50099.10660471964
02/10/2014 20:34,15.109267,54.131633,0.133,1,0.133,57,576.6774160255882,947.9426333298541,1.9315789473684215,17922.523075050412,1381.3452575529157,46762.377108901055,17931.069677514242,1378.5069215497833,46750.830261898314,17975.676568526662,4.4072530664482805,68.9730065122854,50098.3518787929
02/10/2014 21:06,15.107017,54.133217,0.132,1,0.132,57,576.7774159905604,947.920107443771,1.9315789473684215,17921.656530873795,1381.4022260743254,46762.93194567097,17930.08608894819,1378.4051350523669,46751.41672724368,17974.81696487657,4.407646378857928,68.97415182450668,50098.561347370734
02/10/2014 21:22,15.106033,54.133567,0.128,1,0.128,57,576.8303194748313,947.9159771083738,1.9315789473684215,17921.506722522194,1381.4079244330185,46763.02720169841,17929.877945546225,1378.3329334613732,46751.53182075181,17974.66803752143,4.407701188074215,68.97434989320965,50098.59682791405
02/10/2014 21:38,15.103083,54.13405,0.124,1,0.124,57,577.004054530036,947.9130427384885,1.9315789473684215,17921.18413644283,1381.1695468039225,46762.81958673066,17929.502574023092,1378.0257893790051,46751.34377474175,17974.328086727153,4.407022599342827,68.97462760717217,50098.28106702294
02/10/2014 21:54,15.101467,54.1334,0.129,1,0.129,57,577.1236412449177,947.9266813629159,1.9315789473684215,17921.473098537408,1380.9282872057177,46761.96195628707,17929.74686115849,1377.730058039259,46750.504523814714,17974.597657694732,4.406185056614681,68.97398791612763,50097.57725636285
02/10/2014 22:26,15.096867,54.132917,0.132,1,0.132,57,577.4275538444147,947.9427403943733,1.9315789473684215,17921.567428288243,1380.33692488973,46760.65082796169,17929.773292279096,1377.0788113005174,46749.22780716051,17974.646286169198,4.4042825074353615,68.97339797536578,50096.37087621667
02/10/2014 22:42,15.093067,54.133083,0.13,1,0.13,57,577.6635285719766,947.9466083742296,1.9315789473684215,17921.339113482783,1379.8836242599532,46760.03383076036,17929.51773022829,1376.6183166784458,46748.62882075515,17974.383840258575,4.402897706448319,68.97342495728311,50095.70079648354
02/10/2014 23:30,15.093517,54.13845,0.13,1,0.13,57,577.4920763992162,947.8564825586385,1.9315789473684215,17918.43707125403,1380.5108398645789,46763.45783207973,17926.540962975338,1377.2842465798828,46752.11695794041,17971.53853334417,4.405601736273736,68.97786743774634,50097.8760594516
02/10/2014 23:46,15.09435,54.13935,0.133,1,0.133,57,577.4154490426517,947.8400719491564,1.9315789473684215,17917.969235702672,1380.6863270629476,46764.104679654905,17926.050749483467,1377.4826190548226,46752.786748604114,17971.085561682856,4.406274151604673,68.97861638556421,50098.31736450884
03/10/2014 03:47,15.093983,54.146717,0.128,1,0.128,0,,,,17912.034926306944,1380.4402499859339,46767.96455019292,17921.94481899289,1378.4011352043422,46757.57969393796,17965.149887630247,4.406945725277642,68.98653631179737,50099.79160289116
03/10/2014 04:03,15.095067,54.147683,0.134,1,0.134,0,,,,17911.49069252374,1380.6668374686767,46768.66188101788,17921.400466209154,1378.6277629310187,46758.27689008747,17964.62467585812,4.407799634993611,68.98738297807417,50100.254229748425
03/10/2014 04:19,15.098,54.149517,0.128,1,0.128,0,,,,17910.643649318747,1381.264718238699,46770.53740703014,17920.55322228366,1379.2257541971023,46760.15216876266,17963.826100102757,4.409908575510683,68.98900457098355,50101.71870801579
03/10/2014 04:35,15.104433,54.147617,0.119,1,0.119,0,,,,17912.084442998646,1381.9017309275032,46770.81215474468,17921.9944771117,1379.8630326616744,46760.42732456595,17965.3116167534,4.411580830819949,68.98753138029883,50102.50783245752
03/10/2014 05:23,15.152317,54.0968,0.121,1,0.121,17,846.9226362504105,1026.0406527804698,1.0,17934.767517022065,1385.8875592859629,46748.89306962736,17952.63450391215,1379.9934333184615,46737.180999728516,17988.234216192912,4.418681314437802,68.95406477245994,50090.27424013634
03/10/2014 05:39,15.190917,54.093067,0.132,1,0.132,17,844.5544082836859,1023.9303970833297,1.0,17938.66733555973,1390.13757476839,46753.62971686358,17956.558530307746,1384.2373131349798,46741.9090565884,17992.450312635592,4.431218194443669,68.9515098903997,50096.20903775305
03/10/2014 05:55,15.19755,54.096967,0.133,1,0.133,17,844.0380543275031,1023.4914945559343,1.0,17936.803893691344,1391.4065447186508,46757.44868774974,17954.71888611109,1385.4996203399755,46745.71802098342,17990.690539649302,4.4357059808496135,68.95495680977116,50099.14124893736
03/10/2014 06:27,15.243367,54.08945,0.135,1,0.135,47,596.7675404538924,915.544739127511,0.5531914893617023,17947.487731217865,1394.6733349925446,46757.874813731396,17961.191984510268,1390.049432576528,46749.519267926,18001.59519524742,4.443442496743287,68.9434935553929,50103.455835602115
03/10/2014 06:43,15.2436,54.0893,0.135,1,0.135,47,596.7559431807252,915.5444449676553,0.5531914893617023,17947.597973178974,1394.695194265716,46757.805469310355,17961.28739269984,1390.0589361105208,46749.46421976591,18001.7067994056,4.443484677004138,68.9433459612632,50103.43121980405
03/10/2014 06:59,15.244167,54.089067,0.133,1,0.133,47,596.7248158036035,915.5419814094904,0.5531914893617023,17947.80008128695,1394.751048696293,46757.78002510977,17961.463499734404,1390.1040582969642,46749.46152788181,18001.912627431655,4.443612076784898,68.94311584966306,50103.4814271647
03/10/2014 07:15,15.244133,54.089417,0.133,1,0.133,47,596.7192828528277,915.5376785090523,0.5531914893617023,17947.643304287867,1394.7969973331572,46757.973228989,17961.26651891834,1390.1417268245348,46749.687871472786,18001.759881792634,4.443796542491147,68.94335823915331,50103.60684945317
03/10/2014 07:33,15.2442,54.089733,0.133,1,0.133,51,596.7080419420562,924.4014973599138,0.5333333333333334,17948.269724141574,1394.5993749359973,46757.714725636106,17961.09355000004,1390.1871853022192,46749.91097823674,18002.36910817876,4.443014990751001,68.94260187053793,50103.58450122183
03/10/2014 07:47,15.243783,54.089867,0.13,1,0.13,55,596.7317591132089,936.7220650027501,0.5163636363636365,17948.695417317966,1394.2494500306577,46757.633352077,17961.024179625656,1390.163642765035,46749.985261151676,18002.766418319206,4.441799708861642,68.94214443434522,50103.65131804094
03/10/2014 11:49,15.238017,54.089583,0.136,1,0.136,55,597.1067363690286,936.7279949895501,0.5163636363636365,17951.104891871197,1392.2056474929789,46754.59686702179,17960.839687311796,1389.4329683121723,46748.558948959566,18005.010508296666,4.434721610540288,68.93850179173451,50101.62404155775
03/10/2014 12:05,15.238167,54.08905,0.158,1,0.158,55,597.1088776276944,936.7364132499669,0.5163636363636365,17951.345724796327,1391.9852281808794,46753.7398991434,17960.951091754014,1389.317868221985,46747.755662443364,18005.233578230447,4.43396303961668,68.93791153443965,50100.904490471934
03/10/2014 12:22,15.2381,54.0887,0.158,1,0.158,55,597.1208701647207,936.7419841889583,0.5163636363636365,17951.655013024774,1391.8408188897051,46753.44878187924,17961.142733928897,1389.268277395616,46747.510361740045,18005.53077728577,4.433428799120183,68.93747471467088,50100.7396309834
03/10/2014 12:37,15.236933,54.0889,0.16,1,0.16,55,597.1910927601512,936.7391039261646,0.5163636363636365,17951.55356094933,1391.6513055128842,46753.28311957295,17960.95491081777,1389.1483103699493,46747.37597489539,18005.414980159952,4.4328525005574315,68.93753020723794,50100.54342087233
03/10/2014 13:10,15.23735,54.089,0.162,1,0.162,38,597.1622242960128,898.8681942620026,0.30000000000000016,17953.610817903125,1390.7967323052562,46752.002034208825,17960.90265451832,1389.2030732615794,46747.47887086092,18007.40006084496,4.429635634709446,68.93488515893448,50100.06138876464
03/10/2014 13:26,15.237433,54.089017,0.109,1,0.109,38,597.1565422586677,898.8699903684786,0.30000000000000016,17954.14383101477,1390.9221750730353,46753.152454151095,17961.36283795375,1389.3817498822107,46748.65768158674,18007.941170546834,4.429902581915892,68.93478057144004,50101.329419517104
03/10/2014 13:42,15.237433,54.088983,0.099,1,0.099,38,597.1572909338638,898.870514968669,0.30000000000000016,17954.308557491022,1390.9073101237047,46753.324808850215,17961.469619993797,1389.4091883031886,46748.8523872458,18008.104256777027,4.42981494637766,68.93467737593478,50101.548874309265
03/10/2014 13:58,15.237433,54.088983,0.106,1,0.106,33,597.1572909338638,905.1060849720058,0.30000000000000004,17954.696693844737,1389.421342804265,46752.924527401374,17961.408134010155,1389.387142161183,46748.700285404266,18008.376524156727,4.4250059077866375,68.93422228508042,50101.27320638357
03/10/2014 14:30,15.2368,54.088517,0.101,1,0.101,8,948.5693921833415,1060.8475701967022,0.30000000000000004,17963.50114932049,1386.3071649271515,46749.547503383015,17961.679682132337,1389.272657556163,46748.377998456854,18016.91486068486,4.412971747951691,68.9237222636849,50101.19173101806
03/10/2014 14:47,15.236733,54.088233,0.105,1,0.105,8,948.5720540105265,1060.852708814762,0.30000000000000004,17963.611063691635,1386.2548217562714,46749.27042174593,17961.79933369487,1389.2182556209195,46748.08963462337,18017.020421768608,4.412778890243024,68.92349566866822,50100.97114671487
03/10/2014 15:35,15.237633,54.08895,0.101,1,0.101,1,1251.2435417145848,1251.2435417145848,0.30000000000000004,17957.011329227338,1387.6040933696513,46757.44657652491,17961.480540734876,1389.4225200353133,46748.82538329171,18010.54416162752,4.418673925097973,68.9337679010034,50106.27217579169
03/10/2014 15:51,15.243483,54.091083,0.108,1,0.108,0,,,,17950.601311007224,1392.375287142494,46761.588339681904,17960.523630774922,1390.34241154109,46751.21488199075,18004.521553403727,4.435383752428124,68.94189647188561,50107.97282286377
03/10/2014 19:52,14.7879,54.018417,0.103,1,0.103,51,372.7565516331513,903.6057965753487,0.3862745098039217,17966.641955905652,1321.4262103153992,46635.40573060692,17974.561530972467,1320.8746384679919,46624.31141262541,18015.17111772791,4.206465869385686,68.87854549713266,49994.07422944586
03/10/2014 20:08,14.78725,54.018517,0.104,1,0.104,51,372.7137110923891,903.6011647367728,0.3862745098039217,17966.568831303593,1321.296522435827,46635.326248595666,17974.468755056492,1320.7885660771476,46624.242050183995,18015.088677832555,4.206071575914977,68.87860080619114,49993.970380268125
03/10/2014 20:24,14.78645,54.018783,0.101,1,0.101,51,372.6604304298828,903.5933923360368,0.3862745098039217,17966.43687818887,1321.1711171178767,46635.402836818794,17974.316971678916,1320.7115005652258,46624.327434555256,18014.947882762568,4.205704584137572,68.87878295362489,49993.99108864002
03/10/2014 20:40,14.785433,54.01925,0.113,1,0.113,51,372.5922035998485,903.5816464331084,0.3862745098039217,17966.072612269298,1320.9946122809615,46635.25065556488,17973.93238225685,1320.5862562588131,46624.1828407714,18014.571653941934,4.205229683569603,68.87912232079756,49993.713560630524
03/10/2014 21:28,14.784967,54.019617,0.127,1,0.127,51,372.56035485190023,903.5740478471936,0.3862745098039217,17965.84656961303,1320.8155685980576,46635.05934359436,17973.611171249664,1320.5244039513166,46624.029128216884,18014.33309143381,4.204714475966749,68.87929835614656,49993.44913795901
03/10/2014 21:44,14.786017,54.01865,0.123,1,0.123,51,372.63266705726727,903.593203154885,0.3862745098039217,17966.4839219392,1320.8644078962427,46634.721195034195,17974.183773360266,1320.5719169049794,46623.72290945812,18014.97230920289,4.204720763745346,68.87847533780199,49993.3640420398
03/10/2014 22:00,14.7856,54.018983,0.123,1,0.123,51,372.60414230770647,903.5863343918459,0.3862745098039217,17966.38677861178,1320.872912099628,46634.79874075444,17973.99472043258,1320.5511645931767,46623.84785561472,18014.87605088069,4.20477039148178,68.87861026987288,49993.40169181596
03/10/2014 22:32,14.784983,54.020017,0.104,1,0.104,51,372.5598632412013,903.5683292245711,0.3862745098039217,17966.241657448834,1321.0740432600767,46635.558327729814,17973.596294125837,1320.637905762395,46624.740933683104,18014.74606875227,4.2054422078917915,68.87906291814402,49994.0634121764
03/10/2014 22:48,14.785433,54.020367,0.099,1,0.099,51,372.58791199078047,903.5654584120537,0.3862745098039217,17966.274319421715,1321.2629355374438,46635.86345237111,17973.484864934813,1320.7603996524715,46625.121864194,18014.792495766837,4.206033741516939,68.87913929030974,49994.36476857907
03/10/2014 23:04,14.785533,54.0206,0.099,1,0.099,51,372.59355283840347,903.5625721647395,0.3862745098039217,17966.30493609401,1321.3694895049848,46635.94083551666,17973.373319022456,1320.8035156343783,46625.27364144234,18014.830845292738,4.2063645795396525,68.87913024880228,49994.4507720439
03/10/2014 23:20,14.78565,54.021083,0.098,1,0.098,51,372.5993546320838,903.5561492215626,0.3862745098039217,17966.20872415918,1321.5052237595078,46636.19271768608,17973.14528468509,1320.8823008467102,46625.594176988525,18014.744849052873,4.206817563492066,68.87932620020968,49994.654746058935
03/10/2014 23:36,14.785433,54.021517,0.098,1,0.098,51,372.5835367770774,903.5488047644961,0.3862745098039217,17966.095203010067,1321.574911110298,46636.348876040094,17972.91602555383,1320.9031851958644,46625.81053474994,18014.63674597125,4.207065093730409,68.87950625407517,49994.76146134736
03/10/2014 23:52,14.785767,54.021817,0.103,1,0.103,51,372.60421527010817,903.5460954543854,0.3862745098039217,17966.018838070755,1321.6873356103576,46636.42401134042,17972.74300794216,1320.9753081231947,46625.936107732916,18014.56883477998,4.207439517132109,68.8796098817073,49994.80707902127
04/10/2014 03:53,14.778733,54.025167,0.103,1,0.103,0,,,,17960.683034859474,1322.4698213005508,46637.17154457688,17970.69145962866,1320.4673919181728,46626.81530716849,18009.304859070482,4.211167712015586,68.88554617146482,49993.607903263306
04/10/2014 04:09,14.778,54.02555,0.104,1,0.104,0,,,,17960.444160411098,1322.40503915481,46637.251919458286,17970.452508560276,1320.4025773929814,46626.895608594605,18009.061872480397,4.211017971423104,68.88583913565854,49993.59535106315
04/10/2014 04:25,14.777683,54.025383,0.096,1,0.096,0,,,,17960.5755405011,1322.3597296162752,46637.268663729155,17970.58390644718,1320.3572546478445,46626.912371355604,18009.18957089844,4.210843516989783,68.88570952351924,49993.65697179404
04/10/2014 04:41,14.778167,54.025033,0.104,1,0.104,0,,,,17960.7125100405,1322.3671710701656,46636.97974497071,17970.72094006292,1320.364718363749,46626.6235200429,18009.326717105483,4.210835131042581,68.88544361811903,49993.43685461381
04/10/2014 05:29,14.780733,53.994583,0.099,1,0.099,0,,,,17976.06928623176,1319.0267694903607,46619.851515935,17986.082348023865,1317.024542861072,46609.50023065366,18024.39731591703,4.196660957633162,68.86225500589244,49982.89161272949
04/10/2014 05:45,14.7809,53.994617,0.098,1,0.098,9,808.5930717776866,966.3406628709521,1.0,17970.25228823925,1317.4333639920735,46609.83117445168,17986.08262861377,1317.055834824506,46609.567262675555,18018.479346813023,4.192961395852422,68.86444075668201,49971.41142775953
04/10/2014 06:01,14.780883,53.994533,0.099,1,0.099,32,144.8387185092947,745.823808606159,1.0,17972.075562054626,1313.5202905063877,46611.93803773438,17986.11527123765,1317.0402955005732,46609.495206754604,18020.012085505747,4.180128962351585,68.86367265296487,49973.929235105796
04/10/2014 06:33,14.78095,53.9943,0.098,1,0.098,32,144.84553858031356,745.8265322331656,1.0,17972.179104959898,1313.4972739534894,46611.8475896887,17986.242304139312,1317.0238522214847,46609.39163022879,18020.113675264103,4.180031977277832,68.8635266216194,49973.88150417985
04/10/2014 06:49,14.780833,53.994033,0.103,1,0.103,32,144.8407460903658,745.8290807877544,1.0,17972.249558787298,1313.4269898530508,46611.57952185457,17986.327990811642,1316.9604395497408,46609.11488008478,18020.178818785476,4.179792772748821,68.86334613226099,49973.65496122108
04/10/2014 07:38,14.7788,53.993117,0.103,1,0.103,42,144.71815271721863,792.9565316765047,1.0,17973.616641941142,1312.222852716867,46610.332324827315,17986.670557290727,1316.5493552084072,46608.26059878502,18021.454547473575,4.175657838395593,68.86146623453945,49972.95171827954
04/10/2014 07:53,14.718333,53.959217,0.103,1,0.103,41,141.20122141406398,781.0557358307099,1.0,17986.88103712085,1299.259602511151,46581.575145572344,17999.969003391358,1303.4478151951066,46579.490974827175,18033.745172821287,4.131512456789966,68.8364213934435,49950.566643441176
30/08/2014 12:39,75.3123,71.4541,0.101,2,0.101,47,89.56138465388959,705.2133181887127,3.3000000000000016,6046.102076249841,3537.0956987616187,58544.53846154774,6173.603429931172,3413.541614485565,58543.90954719905,7004.740987262168,30.328523594282167,83.1771053236188,58962.10121742841
30/08/2014 14:42,75.34705,71.46345,0.102,2,0.102,17,754.509062454207,944.3263237436992,3.3000000000000003,5980.265802682561,3617.5468344910596,58527.084727724134,6167.867681241923,3410.5327008273084,58548.215180700034,6989.293538725555,31.17033321837196,83.1899991819392,58942.93741320219
30/08/2014 18:49,75.3796,71.457583,0.103,2,0.103,62,44.02190274089104,709.8693096779527,2.603225806451612,6236.271758229913,3346.8702730965847,58592.63888790732,6168.43153621376,3407.651326761234,58552.91492823179,7077.61443336903,28.221479689243708,83.11240764830723,59018.55604736652
27/09/2014 10:54,49.5041,67.734967,0.1,2,0.1,58,314.4507487331152,745.6342644648514,3.162068965517242,9984.47696006188,3989.3980979014686,54839.61461315488,10022.607406301611,3970.716246095343,54824.158125783,10751.980159465807,21.779675701376394,78.90716784922672,55883.704317706935
27/09/2014 11:09,49.5038,67.7351,0.098,2,0.098,58,314.4625461303221,745.6324681762134,3.162068965517242,9984.190383575984,3989.648532265236,54839.58374902299,10022.56099759111,3970.7218842684115,54824.18330909006,10751.80696564523,21.78148161997891,78.9073360136476,55883.640708105304
27/09/2014 11:25,49.503767,67.7351,0.099,2,0.099,39,314.46393470738195,735.3530606711157,3.0948717948717945,9987.045685844394,3988.6155184036147,54838.817621987306,10022.559137341546,3970.7162767315685,54824.15387352195,10754.075287294267,21.770725959380364,78.90490268394873,55883.32536152782
27/09/2014 11:40,49.503667,67.7351,0.1,2,0.1,39,314.46814251651864,735.3516338206928,3.0948717948717945,9986.907471368884,3988.768074306428,54838.723642846024,10022.559815072882,3970.707962336139,54824.11408360735,10754.00351461212,21.771753903923535,78.90495635313012,55883.21932717128
27/09/2014 11:56,49.50365,67.7351,0.1,2,0.1,39,314.4688578440518,735.3513912571896,3.0948717948717945,9986.789498841597,3988.909547007354,54838.658177974656,10022.56045903475,3970.7072755130084,54824.11145637083,10753.946432281464,21.77268702143261,78.9050008682097,55883.14410114311
27/09/2014 12:11,49.503617,67.735,0.092,2,0.092,39,314.4708674792943,735.3526985286602,3.0948717948717945,9986.775864013885,3989.044755371581,54838.76873571117,10022.634701981295,3970.733212246742,54824.28384534402,10753.983923105325,21.773382949737677,78.90498496127756,55883.25980709447
